uploader_name,unique_user_id
16926538,"['wZ3vBiolwyq3nGnMynJzray2l9I', 'CAtmCnqrzGpXnUcuQZajL45-gmY', 'cEqrZ3zukmTfxXal6MBd-ZG3VRU', '_W0h7Q7UpmJD4sUBz6B84gOh8i0', 'IFNbYaGgF-sVQB5suQJKwwSen8k', 'gbek2o4ywEYeDqP942duJeot3a8', '8Y_2nb-hrAkZn2DYeEBc6fre8UI', 'Pcqwb8MPM_wObwV_sBrVIGxNfmc', 'kqUuXYopUU6UbzRCkPBAa-JJ2zM', 'QXJbVENW920HRvd22TfJIoa9p1o', 'taqXqBvEqOe0qoI1AuGYNg7z4_E', '5ECds3nFvu6J1uJO60cWonzTb3U', 'm79Qx-tYyGmISXDYWFogCyY_z4A', 'IhRs_peiD97P8AMlWhA7S92j7mw', 'NHsRUb6CUPB4tqVsdMIV5Qp5AG4', 'q4a1jykGqu6z9kjdAZ5huKwWdt8', 'BcH9Ph24qOjOMxw22LmqHJYoiLA', 'HjwkPU-A7GKV0KC2L3esnzEgEao', '7IM4eHKyb_UDmDIsE0aP2_QDIKw', 'QqzM_CChtkUjvhdcYnirOyS9TEA']"
5457748,"['HdDBvennIxOL_YSV_zrGuzENKrw', 'qvUgc_W1GWjxpdB8bK2j2aKGQbY', 'plsRZbsF4bL9m9uotubOo1bkTVQ', '48I1MSh9-ZBeR1HC2NgUdj-cj1Y', '_yAVgd4jTPgKoX5wJ2DG8JNQFPY', 'uBPPgibM7GmUybxXL2p3wTJ5rAM', '3o14gV7G_TmTvcAV6yWvomq6TTI', 'f1TrBAu2zVucQtUjQMvuCUewyyI', 'E2-fgY5Y-4CTwaY1TyZiwbxD5OU', '78EhXik0-oQ_OcHSXltcNu6J_Bs', 'eLejJXCp1LcpxfVCEtDIxYWO9WM', 'OEsEGJnmKSeJ2B1LjNbO3Z-W1c0', 'hf6bEwhkS4slKSd4YmFHzeaxMoo', '9ZuSA78xxUtRt2GWvpDEL898b6Q', 'drksw-mCqoH-wb-isKs1U0B6VHY', 'UJt_JjquoupKVbw5P8NmcrYMgSk', 'wz9Coe9Uk6c9dWva5wsAPCPymPQ', '_e_6QohPLaJ0ZjMG8-BVeod_Y4Y', 'Duawx-TqoX6hbBFuAuQigqqMlEE', 'Pyb_9fYT-wTI_RpuPaZM5WBWOB4', 'RB3auwDW9k5JvRqZ7P-hmB50uaY', 'MQaMfIWUd2tQdy4dlU99gdZ0tlU', '0CvXtqeWh-Ui1U75_BbBAyLuxRA', 'hZMiAc-DGhefQx4EUf5afP17UNc', 'YFY_6cUBOTX_Z8VC-n6u05IM0Ms', 'Goezw2605D4Ue5mdLKLwgbuy-lY', 'Coj9MAY-HauLC_C3aMMnrPIYnCQ', 'GWuy_-Y8lRYmGZhFqU3TTzjNWCg', 'yIcdMQ3Sn3ug2KQ7EYxBpOusR70', 'ENh6e-LTK0Za6y1SSt9amRIuwJ4', 'eK3QQuNUP8sG2jpN_4lyhJXJRIw', 'erNZ3xySSp-fTCVKefgcUXllAr4', 'ECs1maK9CRmWKKeR_NV12wCHpaQ', 'NC6I4u2BIC4qCHMwY6g4qRfyOmc', 'mcdWB_xiIy71CuHXQyh7yDxNuI4', 'HQm4Exb6nbYA6t0xR43xUuQGfAA', 'qfM6wzlXForV53XMUndFdIbxrsc', 'SjdXYENLNxlFV-LAq0w4RTtqd38', 'Wjxf46T658sUF3-hP3NVwWcmIhs', 'B0sPAPywzC9kfWWXwZ1z3y6z7ck', 'wnLHNZtNiya_cz-qqFL8fCb0CXE', 'QV9qMmebykzj3movJshgZ34qkAg', 'EFWva8P3A3ryDTbmLxJCs-E1oGM', 'E21IFdtVVNge1NI1eEYMph58rbg', '8PNXtKgxCM3aRSZYo2U80b8N3Ec', 'tFCFbpOAgSMalyVtPKsRtcIrHUs', 'ZfaicR_WQ1S5QrXam-1Ks5m-xNo', 'fE8j2j-MSelwH7tciy8FBtOwSdw', 'tsIL9EeTNtu9r_uQTgxOZt_EyBc', 'QrF9PxsV1tV0OQ4QUNW0jCIZjFE', '5dYVbhjqUKHpHpcvaO-DuwLkDbo', 'zNU4sAQsrVAZ-2-TFAEiaqn69-s', 'sljZ9mHH_lJIxrKMV0uw2ftqHx0', 'jWAC9-X0z1mcrHH4_GyJ6vj3GF4', '73gukneUsTxGjGzhegGtXPo1wNs', 'mqCQ0D5wziLnfAJNrQHYWHANyHM', 'Bbrpkg-9DRdJo9JpQZfPi1DgSWs', 'MnGHsLkvplyhF1AqSdsvF-f_jNo', 'M5LmVjNxZ50wwVJCvS8yGBV6XkU', '_n0kO2XeB1lp-pXAbEdnuXIna6E', 'waVWMTl9zq3mNstvKDgRscQqgaI', 'zX-XTIBLTAczDvL3NYDyidxgy3Q', 'K9OANd6ZIM5VncA0M6BguI2lEW0', '7W6QmlUFFn_9co-5Em4p4PMkYbI', 'ntfNd2RQmnI7pIqHYg22RfmRJ9Y', 'pOvvrtMQPCAJMpKq8-ndf3DAwz0', 'HM3Zd00d6grzKSfVzTRilSHq300', 'ZxL21MRwtojODMKL5UdR7Xzo_wU', 'M82P-BBWlQ37XIK4GIsbC_EUPvc', 'BqsUe9W8M6-r5h8TJ-6suJx0mOk', 'Mqr2tER4qpLRX_N2Wfu_Gny9-ro', 'DXcAKQbeK5rx63EH3aPr7wNinfs', '38CS_n8IO80qNfmonJ07rrPfYoY', 'J_xeMl5-3pvNhO8EfoTHclcdkzA', 'JBkcW9QOFdZdf3WPaq4qX6u0KUU', 'aSqg5Y0JvJwFfcyiQKR3EAp5Fc8', 'IBlyDWKaffF1cXEx6GfUf-cKHtE', '75GBptIjGfLWWjpiayVlGzWFsuc', 'GyNcfARjXCP283sOkh2IVvpfmdo', 'oA5RP_ySMNyrLvQTr_ZNoGT82TU', 'Vm3WyOm5dbrCmjNZKhz42AJ0mdg', 'er5CTANG9bEe-yziqVveqeIBWUU', '3SgZ0vEIp4O9u5luTQm-jqJlgSk', 'XiTf6RPsfsGHmW9hJCDKEwguZG0', 'eY5WNvfm5k-H7kZx1uPGCvzzzCQ', 'jz_rT9_UCk1ee0-x-iymaRz8kU0', '419WzwmOjIuKkYhMglKHuWZPRJM', 'DuKhwWEhWt_OORAXV5IghKrK2c8', '6gkiKmRk_gV8A4EKaWPBtLmFBC8', 'XxiAgD9E3HRmhGeR4Q9Ty89dlxU', 'mfEDe8UseuOwPxi8rosyWuVaup4', 'jz7APdozwKS0u1KUFNfuWs7K6tM', 'R7sXHfbE9KHrRqPy0-dVPL78Vfk', 'ywEUnkcTH_1jpF4bwBcoPUsnpl8', '-m8rNV_GVIing5AM1HSfXE8CERM', 'G-b-WkxCCAchG-NBbieZFNRP6Mo', 'bqygjnHF-29_6Ow8uNPA5GIbEzg', '9VtN4GPjjqfI_yktwnoBhHXXCPc', 'IgjV1xprWL56eFEGbOT5xKaVeEA', 'tVvzGLSqZwNOwBmzYSj_3NLiYHQ', '19zCJLbI1nUduqRF_ctZOpt7PpA', '2F_DIcCEVNyDZ_FtGBwpsFmtGtQ', 'upOP-OXhQtfKtpGF6fHvXZZv_eQ', 'qdSaKo14hYcBbwNMojWjebyPWrc', 'XEo3_aGwffVUY6AUw1n29-H5n-c', 'wZGbErg6hUXhlZAdpSttESYY79g', 'kLnRbhlLYkE3xYsVSpHwmSqdN88', 'CkJL6UyfaBclWhFoYxfwf2xC1PM', '4_AKymFq8F4R_Y2OfIwwslPehGU', '_R-4zFlABy12ESGcppx8ojuPwRU', 'zU9DJbKzK4i9Gik-Q3WJ16pY-yY', 'UXenS4kHetkvGJny3wSyXsoH1nE', '9Up7AoMoUkCOigtCFOIaQMqIHgQ', '6sYhKksxQ9iRSRPs0rGg6_Div1g', '7cZs9W0fwW5aWmQ0hl-cH0FSc_M', 'snvN9IqZj7fvaB3MzjlbgVd4SjM', 'zM8EtrIatQDmPegDkNnVPeHB6fg', 'duRAPw2UgmlYQgsI6MEOD99wj9w', 'xM886Dfcp_9BsdRbQnrtwB7vjmg', 'Q6IpaeWXI0PTFWbAgyKxtYsvlRk', 'iNScBjikdXkRwCa8FVpbpk6FvdM', '9GKQHuwtMmoOcXa8tzz05-fDnC8', 'Z6reQKmPFUb4tHsGLajXa3Lgxl4', 'z3maWnijikVLbr7hwlYv-qyhJKk', 'MqlbiIMcEDSNX2ZuJVpY814XZ2s', '952kfBshrlT5mta9JaJYVx7oaTg', 'UW4mj_BeavBMAlnZipvE11J5OLY', 'uUbf-raebAxICi9sEjfIP6klPek', 'vFhq3mxRNft2Qo8fkkLt0st_kIQ', 'qftqldj_IhZhUdWQzxX8pCIa6yo', 'OEKTENuvuzagZo_a9yyVtkh-nEk', 'uAOow86NBzgD0uzKaq9KEqQZJ4s', 'rhPCov82BOtGypK5mBr1DgFkBI0', 'ZaNIwcvfbej2qTOYmBkZY0I8o38', 'XVC_SFjILW-jPaVR_evOKs8Mx2A', 'fPy4Dxn6lBY4YX0SF7QRjlTOfO8', 'IGJrhH8LrMU71u6a9UR-xOj9IHA', 'JCQIGY1z7b97TwcUM2CAymJ4IVI', 'c_lO19ZOldpnyd007Zn7AETXtVc', '6z-89RGpZ90XM0Kk7gmeLTK_Gsc', 'aJ_J0VTyr0YS0YEz7Ji8QMqItBU', 'CIL1Zy5_wbF53kFgm_KCXVfi088', '4isEfswphg77klapi0lBiVYmjS8', 'KP80WxD_0hN_79_ieDkss5OM5GE', 'Vzv5xWYlsQAXFhzW4cbkwa6DUU0', 'WVTHsACUi5f-Qtv_XuYoLHaF1bk', 'Eug8OCzD4Vqwc_m9k_TBgyhEejw', 'U8Nm7HznuZiesQ51SMtQWQLBpT8', '_FV7Oq5838k3f0HwX75hrZveY8A', 'VaWJ7rWfAdHOdEvsFKRtW6-D3iw', 'Yu1BXSsZPIrodhiblh1q9MhhQDM', '4cvrv0x8I7Qmrl6LECZZs10mAd0', 'VZBDCKPQFfX99v2ymaXmqxI8tJI', 'CkIh4QEe5yf-g7GOtK9bqCh997I', 'E10bGtViVvk-2BW6g9Hrw6Qx2s4', 'LwwUKJQ2nhFmRfUiX8u_sWfv0k0', '801EezaDWmgVC4ojuwG3ZR34CIU', 'RjKys0aluH9bSA_L8-Jso-10vWw', 'gxRHkQa7Z34tnwYQJCoG-pZ7kuc', 'EnhHzeL211a1FPn3L9gRvycdFZM', 'KNSZ-itQIiiPg32LCIKInzrntt4', 'O6uWetiI_tfNcRtND8Yn0MyJzg0', '9fJsaUC3qxd9r6UL_tI_AuDLDQk', 'cGb9eccH-wD5D8knihi22tt_f4k', 'N7qq0NmlVn27FT3CwL8HiEa-TGI', 'SaiOjhObfV6_Xbg3uYHLHa3MVso', 'VsRkPgTNZh3_6zK0XaIfjfMn4gE', 'eaoIKhazCJzjdNpBWOVBaShEWn0', '6f4i5h9rPncl6g16lm5o-X4KrVM', '7-dT-pssH_9zYPryE74doDer9Dg', 'H4J821nzPN4816wd7kHIUoL0vd4', 'rmvtq71zzHACkbgVOl76Ghrouqk', 'QeBGrfzk6gJvdU40M82ECE8Qulo', 'tpOGFdCxCL7sc7cmOETSuGkHZPU', 'WY915iJ6UcS2b808A1mJPU_AO9M', 'yqcv19k6AA0eZ5vS6yd8Xx9VXAQ', '1ThVjp4vBCs392ctFRU5CcPVUQk', 'dgYK-kFXGrxf0OS4Let-RH4QH7Q', 'Q3HTvG6cn0aOkDcZboyWjNBlvAQ', 'IK88_5mmSvdeL0-nR2M7iQ7dU_E', 'J__t71wpWdQyBEKqRW3bPPqG0pU', 'EehzeV0_Wl-08IGKAzcbDbIyj78', '0ONM4oqgdkU3vKOuOsess0iYlOo', '5v9U5jCHfhppL80yNjcjc9heIFM', 't5GFA7dTz3tYYsvgON36Zp4HmwQ', 'f4TVrb_GafnhrVUAIGf04hopbzw', 'Ivm_1HCZmDtRXWR9KsnFuLY3qKw', 'KnxFN_ZTF_fHSA1FTHioZISq8_8', 'sFoznogAcGUrD76-VWG0qmw8fBI', 'aTUcCjkaLW1z05LOOnRlAQqHXxc', 'MAcjh3ywEWskKSpPc14GedmuqXY', 'gH2PEGQFkxkiWlrRc-g68zqyy5E', '9UD-bK3jJN6PQgXpkUXS8I-pf7M', 'za55qb3N8ZM7nPv-4LhMykizoeI', 'OSTZ6ji8-wUeUUL81mRiXK4uWso', 'KYZPOHMbhwi5f4H0iYfQKdafZd8', 'KjuGpOhsEeS_g0_uhSs71A7p9Ck', '9PQCuwnryGYRrOzEexBFEXsJ93c', 'K3xm2vYbSc9UWPLVfsToqyodX0I', 'yk3JkRvlR0K94wQGvVMq-zGU0LQ', 'O_4I6GZy44nmi9lsVGIkgLjYg1E', 'UurVxRNrASs7d-zzSfMfhWiLxSs', 'VzJHPISI13PxlP8AOKCwjLSYmEE', 'yPmFfa7sGpO352AjHIbHZiP_uD8', 'm6d8m-F1Rc2p-Ag-a-SJIs3Q32Y', 'wU3782gWwZ16h6cs-ZaIYPkfoGE', '17vJlJ0tKHVU71LwRVhKO5QFBDE', 'A7AqOwtiIXyPOqKR2CUBVYpx3jI', '1FQrhlSUs7Xay0OMceOdwM9sKmk', 'IhhaJ7DF9CXsp3Z0WYkt28xqh7M', 'Z-ezBJDVAEu5HG9TUOtJI2hdKDs', 'FIhmVcMUFguu6edzyhJeUvQTYBY', 'Y94Q-_geEV_cCRieM7-rEhxP_UI', 'PRfaQbyYAnHyCJhlAjoCq0Qt3KY', 'D_S973QRN2gf6-c8VVknV_etpzA', 'tEaFDQ-U9T_jLOSAmr7Vdua-z3Y', 'ue7Qf0RzWutICqC5LlW7omFjK_Y', 'NCOzT-Tj-4OoPkRXBnHLonvuh0M', 'pzcS_n9M3vtPFvxbFImXGIuX-T4', 'WHh5N7pGbM5qu7dishNCM__cy1A', 'LKXRCeQ2__33PWYF8IbKnMA2dhg', 'UhFJhYbXaHQ8zqWr32oRBKQ2bUQ', 'gjMp3zQQ8YEyfstYjx13kW30b60', 'yzhT7oM4uIXAoZ7S2zX1-DqhNSE', 'wgkHAHO-3vvY5_L9O8BcVHIF8Os', 'msq1NfjLVeMXJELVaa7QhDY5u74', '7R8VUkGIGHqz3QLJHMRdWs6Mio8', '_kblGAaDkT2rYMc4VAI0JhIntds', 'bKnTM4Hpgb2TBcBvc_oKO09HySk', 'SAYL6ZImV4a649OT1QINyG7qapM', '-e1RXPbueHuTbIyGCSXYREdLWKM', '0gmxsuI98zHZKYey8zFQSu5G-Ok', 'Hsefx1Y9YQq-P7Df2t1abWK9AN4', 'Pkmy9tEXWwQECYlIOcWPn8g51i0', 'pagdUue3UbubsSA9Q-BS3R5OM8w', 'ODOKzMjOtBz2veTRduUyU3M782c', '1fwUsmygw3pvNgLBDhTSlzK3yEw', 'CSQnPqhw0W-2-VJ8WuOa4F1KVpc', 'u3T_05kJ7Ks1DAzxXtd9UkVcY8U', 'SB3Adxye6eENo_LkGbe2CiD3_kA', 'tXDAHPviAhc0bDuX9y8E5Dfen5k', 'NTE6poAGBoOas-qjG2EeQscaub4', 'ZR3aFyfpUaGHojKRpeHB7HESVJo', 'z3L8eEL4lIz7sVmUCwI7rJE88WM', 'nTGduIK9L2iMcAxjvzSD5t0O1JY', 'aCJGzZejo2NqT65LfOLOOxz5WUc', 'WeVseB-dChFkaGnUJya9KjaCvFc', 'MOIwgoWjSkl_D69yv3LPGHaqPW8', 'unNis8P9UFQd9hqeOSAHaiiMqZ8', 'fFiJh71FhJWnvKScse1UiT4kFuk', 'lfbteAW7iUhN4o-shtYdjgvEFM4', 'ucu1X6hUd3Z7AFi-ld8CEniYHsc', 'S4nnh1xz3-ticGsmTfgCmtxVX6A', 'rYXpkQtbvA4fuRoZVndeyW4cNoc', 'e8n0S472VdC2w8ONldlBG63CjJA', 'fuQsMFwNW5qxVoja-l_r5EGGrwU', 'SaOipvZjBLCDFdMi9rLCakA667A', 'y_UbuYiHwyVp-bWSgmLU20RUbgI', 'T5iJdd9azpUuqSGGr8ecPHhfGn4', 'jo5HxrPCtSwnf9zoPZSrEFyM_3Y', 'peEx0gYPIESA-JYhkBWpwvhxECU', 'K6knHUgvLyAbHaYgnxpsyTyXnlE', 'jYz1kqdWS2SnTnLkHcCCEhZusks', '75Y1v8Oke4uoB-htgx3XaTlVjXg', 'qENTTqJf9jR3vG8ZjNBAo7dWP88', 'rDAx9MrwUS_8csX6NR-GDe7mZWI', 'K0iIm3aov1U9UeRr2K4X3hbOses', 'fuFWsunE1d04s3-ahH3TMml3jVY', 'jacLUdyozK3FyjgqAG_J_3kEseY', 'K22Ff1fCJ2L1adkotB5wRx50rIU', 'JzKw57RdNDQoc0uJmSviapeDnjk', 'ozuTABXGjT_6f5wXtLjP09MNBQQ', 'mSVYxidtRL9y2LfRBF-Fsp8JjNY', 'yvTVkddrRjS1wSg_hLgaJa-zF8A', 'i-9HrgTlAqJJE0l0DfQZ-EEwQiA', 'hd6VgXBZeFzMeNWS-pBJHdB70dw', 'nFh4YrqA4MmIXihdLD_ujBqz8zc', 'Af7dNVmdJBRQvptw6T-cjv2je34', 'gsiXdK65RznRwBO4VY4yQcB1ATI', 'Zq7vOgqbxgl8bDnZX7DBOlIPWy0', '8H7bW-LmlotvgfGxqRFXuj26rdo', '_8b2P-9KUJpzAhfoYGBt1OMaCYw', 'jPheDSxRaUZpBasTKoSdposOGGA', 'dpFJRnzBhxlZyw1vk9fEkykn6AA', 'SUj2TiewGuxSX-sO0ixdiL-no2I', 'rpG9SHZfdOTRoKWDdeQzSRMbHzI', 'jdNjWeAfUpWTKY-ENXMZaOj2C48', '_bpiRcdPpeYJRTkdB8-FbuHqkb0', 'NT140evxJhb9rEaZOYxqNm0f0A8', 'EwC8OvzO-aaKntPVwEpvyHMT-Dg', 'QBy9dsO29rTmNPQiAlqujni_v80', '4yWvMAqcnnEUnN9bag8DPtTY7B8', 'HsMdvoIt-qeVacLkzvbeAJ_c3CY', '17mzBasoQS3O3icxv_CIsI3g9Co', 'ueT5Tn-4_lthO18ifuUyUqOSMyA', 'AL7g6Un6PKj82Xt9EAJk9TeRAXI', 'gZhfKRruTiEBqYWrOJyd5zB7F74', 'HMWniBDDv2I6ydpr5jD0VRMmLRU', 'EH6XmACw8daonzslpq0F6ZNSyJQ', '0T9wjsCDgnpAe8hvQhF0nY22weI', 'ULJvn3HcSHXDvrTmfQoZN4gmN5M', '2A_QqUlfGBu5ClpwHpDGpKZh3w4', 'GDIa2vON5f5K6e-fK0-UIedsoNw', 'ySWSo_kfPhl7l6NRPuM34-z0rgo', 'QYcs6830G_rx7FwQyQrv27SgpOo', 'QiiZYnDTaoR3IenWtNOLh-sNFoE', 'NwXyjbGzSKFx45wE-zFt8mOthjs', 'qslqzhtijgkjQDhfvCZk6zO4kBM', 'Bufnh3k_w2lIK6McEAsz-IXfjCA', 'Vrt850Di8aDtbcnC4KsrF-K7mLw', 'GJy3-h-zQJkJKX5OSfEB4uFuMtY', 'HIQfePlylO-0LaU0wG5mPEoJSyM', 'gTr0lXJEL-zdoJZ6QdWMQFfKJBQ', 'TWQO2IBG3W1go0yurDnL-acRHxU', 'VJsSfGxb_9pUHs0xjG_uYF2TSh8', 'gQiTSVsqXw-hBAKraJ5FwgTUrbA', 'k_jrU6yHXKR1hPTkmM80mQ0yiaI', 'NgHz9r5xVV2g3IA9Qc0EmBappek', 'U4htUNHf9gzdvXJnVYNLJnIjhSU', 'Ync3xxNttEGt8_0KliBnRY0ATs0', 'ptrf1Gdd--mZTTYx1zDxr0rv_Ho', '041Xvh6vX-Zw88srI6deXj_23T0', 'L0_jw7TSdU3IxWW9CzhVD6WsTxI', 'T-Ht3a4yi7hb5ebtml9NfGyWIMI', 'elVk7ubFUEE2s7pltrU0cMeQ8zM', 'nxcxEK7Xi6_DrajRi1RzElS-SqI', 'vBPFyv16Pkutu9eHWvFkLve3uBs', 'zBo1FznoGB8g1_DQeuubcsnVSN4', '9oIcyL2ukLQcv4F2JTUKF1_TR1A', 'h_fAFWFxLqrde3q91EE9fpShMGA', 'vJRLlfYoP27HgkoXWbxW05XwWKg', 'x2jfddkKZzQSUxYCYj4AvyGqWA0', 'wvtDb53cxvLZjenu-o9MrL7D4U4', 'hOeh-awRLwKTGeGgBeTXAtbKu0s', 'U9NgY5MNlFxhY_u_qmqqFcglINw', 'T7pBYwbi4FGbzaW9ak0h7Hb2BYg', 'Kf6JIHsaV18ybW0ouTBgLLhN06Q', '2cqMkdjIc_E-EriH317wkZMhCVk', 'MQtDoy6RMFpkvxaIoKSI5BwpqDk', '3F7N5N9_Jdrs9amPHrNd743i4cI', 'VsX_4TkUWnXD1-aq0_feetqDqUk', 'GDfPPo4_8983GiSiJeVDTXkxZks', 'O2M1HyFlOSRO0bLqrvBG3Opj2DU', 'mKVMg_pL8HEjiHCv2v-seJkkr5Q', 'W_fS8l2pnYvmcbpa3iH5J2Z-a4U', 'ooTOCGUPFbO9kJrt1qNZmXEx-jE', 'rkxm1hFGwssD-csDSupt8zuAO_A', 'BJj0nlu0KqzGOIl5Y-Vf3mXhKz8', 'jLaFnD8bmIQ22reD8Sxuu-5MtAg', 'WdyOxr2Fmk2jKEitvbBHNqswk3U', 'uM4rhzINUwHwQ6UWpfwjm_BEc-E', 'dkdVnZ-HNewu9cEVOYcEc6Vquc8', 'c-aN4gq3QAor19Ss6zCIYbdtfIM', 'xXk5wn_FageLW3TtMH2EO-r5OO8', 'ZXtN2s7_jjVoi81RwgjFtpY4ORg', 'ziVPZz8r7qHJRFtgutrTuSpCpUQ', '1SgC7UDh2VAlwP7g5K4LqDAA4Zg', 'l0E-Slq0mB2x_lXUOAthYopDz7s', 'mT0YoGCx__VxPTIktKh5zWFvNWw', 'kwTSJ20gH9UZ2vdUoyYzWZ6uC1I', 'vrjHzaC13ONzodniYwyut7BJuDo', 'dc_N-_jfCqtEc-d0zh_RYdlWwbI', 'nxp2ykBQCLgZB1lbObL7DbXbyps', 'Xzf6iQ_36hvi2mcfqV0Op3NS5iA', 'ZWYXjqNv9Wyk5esNC7q511i6JTk', 'B2eLkdgfxZ7O3uZ4mP_UDWkZ6s4', 'xmU_QhOe0dgiiF1DrLOa4KDBGj0', 'sR3Rwu8enSSoFLjbMoeplKMM6Z4', 'q3CMtk_n_78R_LCU5G2uZ1DHUqg', '64IlNExNW2xJYgJYw9loAujXObk', '6YtYl7WdYM3CKyIdgHXhBMgNOWg', '_EuJ57z5ykx0RpRvhS3vKDLmHYI', '79wovIKGfz1bODWzJmj6_anxJtM', 'b5WS5W5VOOEvPYgUO87cnmIYS1g', 'wVhqfkEPYcpCvUwtP1a7KdV9M6c', 'TiUgQg9uKYzdTQhkKUhb5DwlYHE', '-Stmw9cL5aalVui5K0KOye_l32Q', 'U1gqPo8DVpqHbW8Orkp8QME0KFA', 'mDemY1e1AkWa8WUA8Hs3OmMgItU', 'WrU78O6Xxv4W0mwT75IE9YAA2hM', 'JTIYbeonSErv04X_FlBjO6do2vA', 'vunHuenMngBswmBEJvEND-9LaTk', 'HfgEbSZBaSE0K8KDuBW-x70eWoM', 'tIx7IJ_kHDT-zGqJbxcYab3pSAY']"
88197360,"['X_jnsK58RQg7Hl4XfNEcvv569OU', '7LdAJNPtokEtrqp3noPiG092-7Y', 'NGy24l8s2XKHxQWDal1w78J1uNA', 'yfBbxqGuYQJoPd5wTTy35t9lfio', 'x_TnHcncgYgPhZQ3NJZ0gh5hekI', 'YZGIHkOLgeR0QkkLKVSb4IB6DYw', 'cOwqNeqswkJZWjSXyk4131CHsA4', '0qPPLAPSh8eacIWdIkwizsAXfVo', 'kPxuVaX1CtRoTqCZwJR5skNhH84', 'oL9W6rgQ8AansVWOwO5j3vM7n4Q', 'o6XgIK4z-jNfhXVAlXjHFmhFeyA', 'QkVc1TLC_bueVSOapPdaNGEOLqs', 'yOzP-8ncMiR4LEV3u4UpkmOpKqM', 'DQmfbh-VAK1s5Nm55kLaGfuy2aY', '2IW5Lo6TltKzV7fYEUtFjKZMqYM', 'DrMqvw7MMt2Ln7IihGhHRL96q7I', 'Df4q-ZAPfJgZc28b8uZfG9EYdr0', 'DzM47ogiSZyeCotpMZKpVmunj6c', 'Iec1qIse6bXvQdK4Cwrb2Y0xpPg', '-ALp8YOZcDXdOpGtQYdgjoB568A', 'uqQo28IUj0wU5It2dW4SXapNK7c', '8z4qZaXNZldbnM60GExcxFEJ_8w', 'CPplnycxX04B2kMjKffC6VXG8lQ', 'myLD4bLwWYps1ULZn06GEX2ZBhs', 'vNdhUzPjMg-znItFc1Nka8pR1so', 'r2kTEtO3zwEDuiCyyNUjRNqRkQg', 'vsDAFuVd0V1ncvpvHRMMndUotAU', '4z89lkVH3m25YRodUmTPniS47fQ', 'tnBBHo1qxggTFA4XgZsIG5bFn7c', 'MgQ-hQGslS5CK9XFQ3J22_5vJiw', 'jsp8T59PiciklyDUijNNNOJa5M8', 'YhUfZu12yNAxL423GtwLw90RDH0', 'Ir22lmRvt5N7WEcbfAG1NveYJIA', '9YbvA4D719Ia-BMNTO0a_9oTV3Q', 'Yi5M9FKGAF67b_yMAEAO3JVkEro', 'T8Oqd8MN9PVwubXaujWEsbVoiAg', 'PkEOuu97BSR2DxXBGHceGFnwHd8', '_RGOMSgtPvLCFcdSm5c4Yev0220', 'Fv7aunrlT2HJdiVjLHkrfCZFb_I', 'VvkEFv6mcy_aD-NOMO_CQulLW64', 'AyEq0IA12DovcGzXJ1BgPUm8dqQ', '-HicQFF2hSdYeJtPICV7hgpNee8', '8uBSXMJpP_tcdrhkd2XLFzLzeWQ', 'lCTKshhl3V4EF1QJVIYAOioCibU', '9XeGuMBd4dlSuEdK4AjHm7u4KUE', '86PVwjkYv6MuXq1MyaLmMDn3NvY', 'zXwzmJk_bU16wxl4OBTSlnqeVaw', 'p-Vv6M2cxyYCa1E00ulnvBB1EEg', 'wqcWt1iaxN6HOOi1qjgEX58z1HM', '1ycvMkxXLtI9mH6oGcoprWsQzNk', 'CnCvuLPdrzRNjLXpN-nntc7Zhro', 'ESFJyn3LnsIu4JD_AufAs_I_E18', 'l3vnGoQYKBL0aROJtjdlPHTd1VY', '-6IAD0m5yoP3dlUdoBA6-ZZHdHM', 'ENlCfw3gsGCNMvqBggfQDZwFNz8', '9Ss_Paxfro69WfTBEFDhUp995yo', 'LlqoGCvdE9MDJaA9dUc0ectudQE', 'YGtmDoVutcRfkQBFYtYg4EF9STk', 'McSVjI3jjQTKXdtsWpZII5OcSZ8', '7dlOaSrdjjpmPfONvPMcLV5DrUg', 'oSJNzS8nfNRk_BtQ6xg_vmCYrOI', 'RGg5-BW9T2KETAfD38eY5fEbqwE', 'B3MqWFjPEFj5lwDAEyxsfCrIs5M', 'E87ehkiIEJoRQOmgN2VAkAcwMN8', 'GZ0nv2FEzVJQ91Cs4Kuj9oa_R7c']"
116482625,"['2Xy94dbh9ZP-lqfEyPsIPcujd8M', 'aEf3hd5lrESxHP58Oo_6ZCqL5r0', 'I4OxdmWmDrHrWxZLuRaNiN7KcVM', 'ZKT1crWeBM6Vt6THY8Ht3in4YQo', '4-Pvuxj4QoMSStAPZSSPQ_aEODw', 'eP5noHTf-4Z85OlbdR2tUZbjPoA', 'lW3g0WE96LguwOs1xy41rLdFB2Q', 'Z1Me7JkViFKBGQFFpIP0x0ExqYk', 'u_pwQ86Of5tvGOCMyGX4z9NJoMk', '9MRTu_mHSke70L9Fv5eVx_73Vz8', 'vUjkkiam0PpgrSimmeWrH382KG8', 'yaRe9GI7Sy2zoMF901MVG8ReY94', 'S57UwbaFuCsPYdpI5EqUIQDghD0', 'uhk-4aD2h8nlIHObMeAnmtMDX0w', '_nK_PK1WYYHQ3t6ZZsGXwcnT2uo', 'tLV-9sIbYytFT4RXOmbWSqRx2h0', 'La555etTqnWjz0SglRYs330tZns', 'SIFnkDPvICuX9K-Od0-3QAj9RX8', 'BY3GMDLlKS2sjqr-j_lcQIAmxqM', 'NfQpVlQCm7oqtGjJNMZVUzbvC-g', 'pPAgc22FGJJwOfwhJX3nH-QJQVg', '3QlWXt-k_L5bXSLJEscyfS7W4do', 'IugaZz-ZYLvSm7FxU2ZCoAY16dY', 'pO8kQnt6YzRcpo6-EiaESCgQzY8', 'sH3UorQnuqADqjzm0RKnSpwrQLA', 'sGgwZcZkJbyA0Av4GBnpgLE09NM', 'R3M5nkCwA-GDfMTxFwHEvt-OTbI', 'oXtptwChG5LRwH3LLmSqyivpu6E', '_BR_F-ThlGs1rIXnyja0lQ1di1M', 'hA2HxyntVZ9FYN8SAkKKOPVdOiw', '9bJU8iOfksm1tso8HZrkx_0hroA', 'XFunC9cddtoYZUNjTRY2Y7UAS50', '8NQFlyMbZ-fIMDE4BCs2IwU5-Gs', 'KNPMog6GcikDQdSW60NcBDNq5AA', 'DZ010iRPQBNggjUS3H0fXGu-EJc', 'bZivvRhIF2Ai0xSXkI2fkjHmdX0', 'gKdg2_PKRbxCQinfAexnk214DZ4', 'o0m-bkODq_0eQi45wLA97pGadq4', 'KrWZ--Kf2cp-m4wso3qErD8dACA', 'yUTcdKmeGwswmYGVJhv-fzm4L6g', 'Y9AaSEAKdx2UEfcwcVUvFnXj6lA', 'A0LixEkBlsZHGZvskiDMZpM5XFM', 'AzfLghUw3ciGIjFPR0NJwMMgxkM', 'o0ZQuKyyGv2drVlgVHhzaxYFpQE', 'uV03ORJevSQ9doip6PjL4LoPFVM', 'eZNracEskeZopgqk8vKJKNddjj8', 'P_UuX-HsvpuXgixlUCNg-4dwlE0', 'ZjLm1U-MNcyO8x7Sek2PQeowhCQ', '5eiPnNqDdYsWOJX2IGam9ckzkoc', 'VSRM1ypZ2VPfP4s5oFjrutrjlr4', 'lXlEwK5yoXu7_ivAFOUsfsadmfQ', 'Uzno4qM0gtyaqKfI7ysAuvkzEsc', 'Tn2ZEHcr51MyDjZ6Y-F7LG_2rKc', 'AyfKCmawObwfBxZq-gbpHDf8N7w', 'kU8l9Y0dHK1NpYfDXUjWfpJ0AhE', 'Ckf--qjhDzGTI5Q5uxB9vyd5RxY', 'k25vLUlvakoN0E4FvB9LfpPg9AE', 'VQf8IfRVaDa87uvjyGzhs2kylao']"
17408518,"['4isEfswphg77klapi0lBiVYmjS8', 'LJTUyWk5coxvj2s6NBP4p0Qr2Pc', 'b9MFx88IKmMyOyBrtU5rH8OtvuI', 'VQuBohtZhW11bfJsXFh2IN_w1U4', 'g9Bqj81U45o6SdhMp7zicq_M_6w', 'H-kibUqvh3xlwQ1ibc2W-Ez_m5M', 'YcFDMvgwe8C7o1VbiU8TLQ2Jz24', '7DKMQSCD-Shuqpcakv-D9uVVGV4', 'YgvOZoNhzy9KsOYJ0CLMgNxCNck', 'cL82SOFce0kAwx4xTzceFlv34h0', 'ePqBLJOtC4y4F6bGQ7IOcczPdgs', 'MOIwgoWjSkl_D69yv3LPGHaqPW8', '-znomr86hvDLyD5woQIawkBDNNo', '-qxMDGgeDE1fmyaXkj0QmqrkcjM', '434Vi4LSg62gWmTwAMp5ih11lBg', 'sPjV8hYN5tXUa9bUlA0WVMmeKtY', 'pLCtgjDHLaDnc9-8JkDdcXgOjI4', 'U4htUNHf9gzdvXJnVYNLJnIjhSU', 'iQIgpNUBty2lBiDdjjJfbneN0tc', 'MpzxBfe0NQnQPK9c0fbWCJ0A068', 'G0-uvGwLnJQy54MbiIMtiekZOzY', 'Tk7xm3k4dAOLAsn4tO2j7L-ajFc', 'uKQ3FTjr6rz1Cd66_U_HOhkRxmE', 'vwh_S3LL1B1ABVX7G9A9jDWFlFA', 'R9mWdw6D2TmwtOckm58jeIoviwI', 't5IaHYstHMVlLuicurdyvQ5zHQQ', 'NzI46OPoSutTy6o6P8n6dOmXQyA', 'PwjXdYnO7fusfWZw95b42VGVmb0', 'GwVqzHCGmKtOUncerpsN8HNM8uY', '27uEAmznFosxBSbdpglfTPMJqVY', 'Q8yFw2-PvNS7CYZ20zcedMnUxdg', '9z7pHaNlK5_7vn3sp1zBcsuoE5o', 'fGxP4Dxa5vKn_v0wzKb3EyM_wtA', 'h5m_pTfRTV1I35-mGySEcPYVGQM', 'ckdugm9bTGqwdW5c0pGE2ZUWKqY', 'EgIcRdbu5q8UiUIWZCvc-_eUZvE', '5DwV3jrI-i7fCdrI-fYf2U-kw-o', 'Y8OjfH9CqVVWRRIft0iwsOLCZQM', 'KLImtyGyYjxLcL2mZuS4FCqvm9c', '6WVsIvLRUkkvZwgd3qcsjnFUikA', 'xKrM66yeQeOk2Vp4mWDytXlU4SQ', 'kbszfFFcjr85xGutl4nPV-YnUps', 'BoV4Vcot2TxzaQh0GR_tvSOmkfg', 'VOU9MMYdK9l6Dp5GtdPk9s__BJ0', 'dhjtpNLEBW2cWtdBARKSoLf7t38', 'Ti949wo91hK8Y3_54Q-PGfbfkww', '8CHlengWpl5tLxAW4vsw-i1Jp-A']"
122467986,"['LWqCo15z2qjrqoye3aHCUjnUjw0', '3VZxgAntkTXWeqdvkbWDa6Nge3c', 'sPjV8hYN5tXUa9bUlA0WVMmeKtY', 'hPN5tVF0WMTsoi_ynBI90MqR0VE', 'tWvmdlirFt_VjlRKJDIrUI021hs', 'hpnsPdrqWBxnjVtVtkVKOvrQLIg', '7DKMQSCD-Shuqpcakv-D9uVVGV4', 'sRId7VoOeyXQermuc_RDdqu9pEM', 'PP6MU-Goj7raMHqZ1rLj-5Mb1hI', '5IbJeLDp-XoliaWmnlGiPWtGdzQ', 'VQuBohtZhW11bfJsXFh2IN_w1U4', 'Z7YE6lgh3X_dlLMGxntpM1pAb3E', 'eioRTJv4I9b0FpYk54NvLUDPSR8', 'K7lDUzrSo_0jbeYfnniwZHa0A5k', '8xDBtHZRinSu8yt1igMV2tO3yYk', 'RIJ8isaVFE7b-l-bxUT8P_MVGPs', 'nVU8MUvr_CGYVzMGs_DWc1WCEAE', 'MOIwgoWjSkl_D69yv3LPGHaqPW8', '_8b2P-9KUJpzAhfoYGBt1OMaCYw', 'yZ7jwuAs5jSDLGqlW_NAIzrUfC4', 'U9NgY5MNlFxhY_u_qmqqFcglINw', 'b95nR6R-lD4QxgFbdkiZLkiFqNU', 'wG8dea9ieFwNAvwOZOo6HgTj3dU', 'csk5kQtbHzFxluO0vPjo_tSRNA4', '1OBgd0_Eipfa3XOeyzw86dH-IZk', 'wBDI3f22ot4d0sLZ0j0BQEWtsvk', 'bqcQAw7LQqkuBjfWRCGDyQ62New', 'wFLnv3mOjbIAuCVdWnjlOSUvK_o', 'K4zw-i31cH8OhztL-esh7dHYA8I', 'W7en1OxdowKAhLAHinrwltnX6Zc', '-vfjjnZ-lmzxUN_ozWK4JjxzqVw', 'H8QNxQ72Goyt1lHWZDOd3WhNqA0', 'jPY3wiy_Zcv7zh1TkcaCM4YtXuY', 'OuX3-5cW6zWkwFdC09KqB_0p7jU', 'pr0gIZDA2b6qDd5q3OkI0X_oL4Q', 'UxvG2pk_6wEYArj6M26ZK1kbTaI', '-ZQM2ohIKlGU9WqbbBXXEPA9msc', 'KdvDMwM7tClgwdoIi2XXvnjlyTo', 'p2--Wdt5z6ksD8GHXmtTmUqHhK4', 'XVU3aLRp3UDPYSczGNuRZcYKVOE', 'uAD_VVpcM2Bk4w5JaMX5JfLeqhY', 'iIE2s4jOaaFiXLC8RrY-s-SnGSM', 'NzI46OPoSutTy6o6P8n6dOmXQyA', 'kDw_lXgolCl8e4RbC_9qHqdbCQk', 'wLZE_4gv9HTtbYYMI-8Bi29-aps', 'NZEJEoDc70c7_8BbfRDyOihzg3k', '9362AXw784sE5LzkdlQ7gZqf1xw', 'rM9QttHqCVICgbOqO_b2PuywSvM', 'MovFQ3tT-aU3UZzAK7m-Xdow_P8', '3NnLxCtmwEXsW2sh0kfuUloVwJc', 'z1jxHv-OiNkv0s8SfHC31FmQvwg', 'M-VJbsV9hizvF9qmZRSaeGpa748', 'xomoAGHhOoVSVDIhCPQ9EOpFNfQ', 'Rm_wradQ1GE8taXoarzJFCdVS2s', 'NJkHoUgU2EyLcVJ00bveuzR8zew', 'TOfBCPCEjc15L5vAiQ1QMdY_kH0', 'I_QsGkdagSkBgU9CTNgANeHz5J4', 'BwExk2vQl75cSKPDBF8lFm38UQ4']"
86450925,"['7DKMQSCD-Shuqpcakv-D9uVVGV4', 'YcFDMvgwe8C7o1VbiU8TLQ2Jz24', 'HTG4_MzSNo0Ii5Gr0GLciwcu9lA', 'fXkgtQQ8o9dAxC_Ne7mkSmpQxzM', 'G0-uvGwLnJQy54MbiIMtiekZOzY', 'vwh_S3LL1B1ABVX7G9A9jDWFlFA', '6PM5XpVyXhIovpbq2iXFPYKOWMs', '9z7pHaNlK5_7vn3sp1zBcsuoE5o']"
122453215,"['-QcPeJkbIdeZGXicGhQGVRWR9P0', '4_91uswUeC7chu5L966VMS-qTCQ', '0DpCn8HwY2XTBTEX02cHL3iQqZ8', 'z39-vC-2AYLiZzx9EEM3OnDdZcI', 'HvHIvIvQ1LXE-cxTiuNoojmmx1w', '2LmLDXpAbVi4r8ax5tfdvVRijs0', 'CWbUdpLHnmQ9Cu-UgqAHbpIKqW4', 'WKLXorUXPx_wsHDfvDIhE9gk_C0', '9lj0VVm-K80iCL6lAL11WsJFOfs', 'CbMKQ8uVJ14GF6wrMOk9TE_LzXI', 'RwDpj-9_ciZIPWWJIq5ezB25xRc', 'DkIZZI2yzAsWFjfqZabpx6zmU9c', 'i-hUfdvoCgzMSFknfzn85LKxHfc', 'Xk0BID1uL_70adx_qepoy2160UU', 'mqgh3KVsS5981qL3nmojZfYpCGY', 'Bq_xgFYzMBJYIHPq9wNU9saSmQs', '5BXpoPflIvFSNJ1Zlf8BivAqKl0', 'hmF7oPEFW_SkbbV6drsNwjul3Oc', 'foAcq5KJNYV_Kd9xtBvQ__32ppY', 'mkT0dWr11PTPL_Gx-bUeCNv--qI', 'lwOmALRMVdQsPWvLTHCfr0TdkhI', '9ZP5j2JEzQAcnOuly5DY6dfl00o', 'Qfg-h-aZWvdBNRh4himZi2Tm06k', 'BNr1DO4JOZYVJ6lGruSoBihcXc8', 'lAdREUOGBZmygLbHktVVNAwZFKY', 'G4EZglTWFCD3g84WdAG3pZVKZM4', '10gId2HvwhXijCO_F5pB8-86_t0', 'vFHmLtouTQ3CsAiI-nJQxQdunZ4', 'fV-hSD4mf5dFpCIkoxjxFkvp4Bc', 'sT8w20OcuJpK5-MRYuioCMzAaag', 'aJB6x0J2JXyy3psLK93WCO5z-VQ', 'ycD9apeQAZgSLScq4gjfnLpMcyQ', 'rbCfxeZarSE6p4h1bEZipu72zVg', 'ee4Max5dCGWK83HwyiGLx32wNQA', 'kN5OrQWJLX_4HVxMWyoTlQETUEI', '2aXiqfhAQD1xWUlx_d2MAtierd4', 'CNx97bLrs9dDuVU9McVtriOboj8', 'p8ILRu4W-_F-8QJ1crhiqrnLHo0', '-TRCBFiC2m8YmQ_DFeDFGOr_GSs', 'tnmQ6JTLm5fb5bnH1qtxeWeS1Kw', 'Y29Ucs7Hh3bpi85XPgeOrPnH7ws', 'WnLsqvjoDytNKkMrxoOOYlhV42Y', 'yDfNiqpM4DpzA5C1YXfqkI_eBEk', 'AwCDMltEwfQKI55KZ-2xSQQCzL8', 'EOXSNYIyW1RsqZDkTekuguHm9NE', '4Vxji4x8_0nYGTHc8bJLh8mKRuA', 'dGbisOpkrBkMlCPK7NaKLYQ92i8', 'nUNydjbj9FeutuVm5BHX3ZXBosc', 'd0BWrpC5Qx_ST_faR5mjiiKtsKU', 'uBySfSTqef2HyNszhvs-XT-RzOo', 'fpFmMOHLvPNIJHTTWDGwkPSAnnY', 'uAJ8KzlmEZMifAG1OxfUcQ9qtK8', 'kmbQQflmpbDmMnX4lE7nnQvWywU', 'lPa6VQ_9f61f5hup1WWIvhkL5K0', 'YgMIN0_6uOcDXdiqXFFlbV-HMfg', 'ZW86WdJNxoHUi3rDBqApd2MgaeE', 'XdkOr9yrYFYsWIuvnaG9Ti4AZW0', '-8xadIDXeQ0yeKF9KVfbY9SJw6E', 'm4eMKx6OmJxw-A81xeEDyMJp7kM', 'teJOxu2m50IVNofzkX4ttyQZ1aA', 'xxboMh1Qfkb-B4w6B2bFzpITvT4', 'x1KxTjM8hXKY6jYjcdRhFUeWdF0', 'EVIrjzSKodp2ypEY0G0CxLJsZ0s', 'BsBCP36YUKTwZXU3VrRn-r8pLWk', 'DqHivz2vy3lrwMKBRzlJjWHo8dY', 'tNskjQ-WfSS2Sqw3UiifubrunYc', 'TLVlMUq2DvuZJRdzZ-hyn2q5rZA', 'Shvl_D31jVbqn9M-cKgpMBw-18I', 'SbylMM92iUChS9CP221HdtIc1nc', 'r82GIHgbqiYbKoxQu-k_n1bSk9A', '0DsRbzRZrdTPfpHMNXjZ6q0jZl0', '1MOiWZ_J2yHh0T0KooIdhoguRZc', 'YZxNCCvdOZzltDl1DipiksBT_Tg', 'gTK3ic9T1vSjae6K-6g_BlE5DMA', 'vlKY2iD7ttg9niFV54ak7-s5Q9Q', 'Z4ddGzTbFZKy1zHMk7MlXqFYxAs', 'fycyLtEh5J01AVwsXQXb-paCluU', 'TRlfjgA98lcf-PD61O0Reo53Soo', '7q5tIHFtMPIML6eyOsL_IoPXVnE', 'KMc7I6NL_AzeUojriIMfwNZuIys', 'wo1opkX7K_mH7swemyJD4hs6Cco', 'sXRt7SwcN3PY5MtSGZII_LrBQJ0', '7PDI7PXCseOCxbsTSkVWmA95M6g', 'pDbW7vCYcPA1xDipOWAxnKKgX8A', 'zBrLaavyK971V_vLPVE84QFT45w', 'DfEZPq3vY3OtpAlKyHw0Pm2NeVg', 'dNu26dhSwzc6-cRgi1KbMy_85l8', '2I1oAM5iLHi196vCrW_fx5kto4o', '4wQSLqGM7sjhiAR0Dgv8NLB75SU', 'lPNeNIN_YFLyKqrbW5Qo3wZ2px8', 'A2Ezm3tLFU_JSLLD_TI9BC-N8uU', 'vrp3Fa0mukoUzU1wKlRoBm_MQ8Y', 'GRwp38viUOgk7UUHa6FznX7SHYM', 'pzRW41Sck2SuWKucJQ8HlubvjrA', 'A4H3-nc1mv6XujaAfeEDH8xQiE8', 'hf3EBdcml47xcaoVs58PTUZ_DSk', 'fTe4YtSEma6D0VoSCUw0erYOPHk', 'XErG1YZ_-raX2QGeIJz8z_pTHMc', 'c_RUuCqKUdTwaoYay35F5kFDg9A', 'JArVTga_juBHatdPRb91fjo16Q0', 'xh5k2C2jwOr7S1zSaR2sv0odCHg', 'wwqCbuD9ICE04MJqq0eFxGExGxw', 'pNzoORcgjImEdsxJFNPpG9z5DF0', 'J-hzaLcNAtz4IcvmxJ72R-7uqsU', 'h42kG7ezMjQGq_vAlZqNE2EKGRg', 'zBX6Gy-zu6qu-Bj_uw1kdlnlcI4', 'us6IST9ZMm4egqQnnW7ZV_uYe6o', '5WiukYxYsrKGTSx-rMYySGKKXL0', 'Uv9DBEF8Iwf5DjQvM61vLlQDkiE', '_QQGAteaIjmY0ew6XSyuUvRHu0I', 'Np8oyUxdEV3m37P3VjC-olKy754', '28LEE3tGLgtyFcv_ruRhb8vNQHw', 'Zpmdv4FdYONZcLw3OKmu233M7nk', 'YekF3qYGduD9VsL14XH0NDYdVmY', 'vQXDkkHaZ4QL4E_hRMaH5woXNdI', '-aUTHxOKbrPX5qopZI4t9ZQu6f4', 'fxV9Dd_hEnM0OVEZ6fRrOsXnb7Q', 'fet4lzXbDUKd2g7XudYhJWNEUUU', 'fDb77Gl96KUHEYE7zzC6TSGfHDc', '5KX4kYu8AQW6ST16MWsrRCHs4CY', 'mYt1xfadUXrgDLJwzY_tsFcXyaA', 'C9vQ-hzvvfdelCHbiiNwLOCL5to', 'WDeVRu_R1_KBumRBpHGg3p7YJfE', 'lMIWeA29bAQBrssM696g2TOhdEQ', 'xwKABv-6EGlJQdxthn4A-hx9YM4', 'yEV9ab3CyYF6JClNpHjxkQeKRGU', 'TGJo-y88sfg-i799CNdmAg5m2BA', 'uFoyihrW6e2AnTvYiZ0jA7M96T8', 'gfne-7sKYLKiMEhE34I5SPqu7bY', 'qzAZ9Pfk75MIzODEYWU4_CDFYGo', 'GzC6wTd2Mof9d2Wq-Lln_wjfo3g', 'GWBMnNrnK1e1Y2b-Gsf3BZfKf6U', 'WjuPTP95SiubUcvU_vyImL-mjFo', 'FK4BqBXB6hWHKUh7df_-uh_eFyw', 'Cqpjf36xISnSKMhg-gULiZp3i_8', '6x4exAZlRX4xRaBnZMlPsYL3EkM', 'cX8xIcQZzCCSy9sM9zBHcHqZC5c', 'bCEDbz4cxezYVmHIBEm38tmKV4s', 'bC0lh2qMV1Ayk-JNtkXlbxpRSmc', 'v2ZYY6WQZdFFlYWL0c1JR7n6rLE', 'SHoKQAHj1viLerYA0HnYXAfs8Bs', '3NJibevXTANv2RyKy4asuIVIj28', 'ZXEsqxmNQKVdydNSNZlbo5ynJxE', 'MVsIl_XCcRZDrtNy-1e3f7MKAUM', '8qpj8huXB4U_jeExWJF8PnST_xk', 'syHs00bj755yKdQF2N9ZqaqjLTg', 'YYzj5IJJTGptkPxCLXToKci4kck', '6v383Nvr8bTrEEDjrgUKpMIJz0k', 'oVieDe-jSjDyCDiUv3LFsY49dTI', 'zWSMzLetpH-tV48M7ZEIhI6KYn4', 'sXI_LOKXsokVf6LWVrhThpL9nEc', 'Cvam6UrTXiKdEZsLERZPeuxBQ0c', 'IJOwOyW-5dsCutUdq8WabJvJJXA', 'SfDq0zV8kbOOMvfRcgqV2mUlzp0', 'DJ0BCXDyA-E7y2-azoI-6jTk550', 'CzrRuaiuOIKTBCsIL_-ArHPUZVA', 'hgG2Gd3FvHg2ARIE3REFNdSltLY', '_buDYSchO8PEJg40c54KRMYV6N4', 'jB95JQfS6rgmgCHROSHnDcLL-V4', '2DXhKlGG6uJUW5OAYwlHqJNd-7A', 'syQWAaOo7b7TExrawlGwQFp_TuE', 'IgIloG1ecD0MTVctY2qVRxSNv-U', 'mphXN3-YzqXed0ujqCa7C6egW8E', 'NqFw9fYID74qQpq4nLLgZJBNFoo', '8oatCjeBH9eNFPYu4-95iu2wjas', 'nDSYaVBagXlKLFIXw61LYgqAJUc', 'HACDSKjy-v0gVyd037Z_ffqwb_E', 'kOxYtN4ij_Y7aTkV-otlXwDvh7o', 'i6dVk3WdrGDskz9DfUdB944SqTI', 'EGm9_SB4kwZ9asan_XxQ3TamElg', 'zJi-WqWzt692P-uTsvkJyxZ0QjY', 'cFc9BGAYotvCUIAPedowDzGb_Hc', 'yHGO8EDii1k1nmprNCc_E-Xi4zM', 'dkeycXpMdQDuqGscA5Dy9nOQTc8', 'DDfQxv21a1SowmED1x93GsnRBcM', 'JfTr3yalHy97c8bB121SN3ryShA', '6ZDTVmp2TXVmqHmHTKbhuo0JWqs', 'tJbFEZrybxgfs9cRCLVOoXuqvlw', 's2vNl-LQFowuBd5xQwxpOgZr0Og', 'iRdf1J3NynAA90LccXnJfAC7Umc', 'orUujwDZyvQP8SJYk7z5QWABNBg', 'D4VVYv8C2BObjejzcruncMxxVWk', 'xCuqvDF0iiuOoLBClxP1uYP0hys', 'kI8r_djOrsqX7ZbIhu-jnzofDkU', '3Z9X8kuXUaaBscZXX3SXU3nJDzQ', '4X8idSNDSDCP60s2XjimyMYX5rc']"
ch132,"['q0GVJi2Cdy8UYV-QjoGFQqSHUQk', 'AKoIIdJIwMFFzJjjFYRlYAnVOxA', 'SGGvdSOsn7GushptUpEezD4B74A', 'fSa95H6K_iyCl6xBNcZBhFOL5bU', '7p6D2J1SytFn06NZRjdJF3gNxpU', 'toroaaMzNoXMnXdRMV-B6rQS8kE', '21ZTFRpQGvEvr0u2CGPAZ9sX0d8', 'B99RmR3FTf0LpU2QNOn5mP4VFpg', 'kY1pJrrFNlW488pN7jdUj52QNME', '__hRaC_IwbE0ITX6XO2Ji0wzPYE', 'vos6KAw7u_SubvEx7MXiGaDMAZU', 'R-1kbj4eqFx5rRAAFHA861KzPuk', '0WgrKKsH0ytWz-fqHadNNqcV11s', 'Kdjv-IWcPSne2tD1UCnCNRqnhmo', 'zdxoDdJj6JH7X34SX5qEP7G9Oio', '8BeqTKyYYXk9kls7-r7n5iXYXX8', '8OaOq20Ro9KAoTsBGcA-koj2KRk', 'IiQ6UZz2-6uCc2RJnEdhwUb-eTs', 'bAjhhxwHea-NUcKt9Am9SKc8Neg', 'SExjz54TejSiD6WEdtIMEknGpbw', 'c5WJcnGTGK3Ztzsns8ilCEzAxJg', 'zNZ1ecbuRV6qdaHibf5Ud-l04As', 'dcS0jBF-By4V5jrKVUWjMERdp-o', 'kxqnHvSiWYp7Qpc6aTRrq2SRZ_8', 'q6JqDfFWl9Z3S0EiiIwHqGXzDJM', 'CzmwEfWmsoojvZuBW9EbWxagY04', 'FDH3vYdyZOGqS4_xbUIHOGEcjWc', 'Mb_IGCkswYjwdyRToJ1mrPrpaNM', 'rixL_B8IBZAWtFCJyRP4TYRXhc0', 'vXu5I3gexBBW1JnTpLsXu6FkkPM', 'MayP6fJRMF5wAzqvdu72ISG7hL8', 'sPgc7UHI5XiHhfdPSQ7yeQahQdM', 'aXpGBaMtP2GQ0agSXyDv1H_kd7Y', 'DrLYrtm3esVLgCtgI29udDiO3eI', 'CkQHlQuR6kohQ2e6V0EwDuFF4cE', 'b_mEZsESSIf5DgD9B1LaGMhLpf0', '7Bz5a4l5f5G3csc9T_EOFNZmgtw', 'bUlXivtEfRczYIeRiKyBlP-oXb8', 'tG4NQClU6VKK__1zLWL6Fcv9ET0', 'u--o5m-TkKxiAL0M-UWZf5d76Q0', 'aNW_R5xb1L17QlSCB3g2WY7ErVY', 'OrnJ_mrAs3h_keileVmgaMBEFGs', 'oYHXeVvM5FnWyWSpotLfEQloM6I', '2ye1NyDRIUPysBiv2UpKWv0WHBc', 'H0XkAJ20UzCxBqZ-Kdqa2Of3uw8', '9Sb0TVTZNdwx1TLP-QB_JxvtR1Q', 'oaOJtle0AwYw8jFFSPwOJXl4rCw', 'V3JIjuoizlhmbH1sTqucDdOaByM', '88eGaJ807A3ZiIb2joabHsnjZRI', 'ilQnuCDEk9gCcxH10kHMXfn8Bl0', '5kgcQ-2nKQQv81EIxqnIiWldAug', 'ySY5HBk5mYKzkarPQEDUUmLQrOg', 'hL6pqltLSv3x9OPYsRSOBVXtgQM', 'JqEn81XqGWe2VZc3iLffY41MCgw', '3_UbroGJWt48pO2hkcGtdB03P_k', 'ffkaAypKON3eOPsGNB3PXM5mEN4', 'kiv3af3oDl0_RVaUnL-F7q7L4Ps', 'JwXWQHHHKDvDGzhOirj9Lf9iPoM', '8GgESu04EzSv_hUDmGsPALSal_c', 'LrZ68ofxRT-Ms_HL212suM2Ubjs', 'CaxL1IRZ3jl8JeD17zy0QKpuyD0', 'jjGbZ8D1Q8947C-4nzNH70GBgdw', 'jHf39sH9Z4_kHsKW_ZvvMxM8KI8', 'p4_o2ONWT_1VYipXnPteOQCgzt4', 'MsZWFiOep9sv0otMLggoYAaZxFI', '_wjBhdW4PqbkLf3MSv3zAVqhwZE', 'EHGO2RM5CHmpzi95B5KEtNbe_88', 'uc8qje47dLW9zHEZ5iMonM-99x4', 'H4iXZZNCVsMnnPn54qVNeqKxRjA', 'XbhRXHydz4R80So3s2v3t6sD2fQ', 'pZLxgawO2WCG7hIS-PGOX8qPpaU', 'iVw889HN2j0KYzZ9w8t6Q93A8bE', '-GI38pP27Hr8JRcinYua3zc2S2Q', 'CXQXVtytKCSuyC7Wt9cbVSGjkTo', 'PaRBmIReHmPPyWjYn9NTgB4V6u4', 'SH2Po4ly0Q11OdulfapT7g7Vbb0', 'duCCAkBkBppZaehjwVHdr50t0Rg', 'RAmHUUqSMmTDZy7s1XnJTvU5ms8', 'ngNUIw5dK2fbRig0kzoyhdzvjiQ', 'pLBTs1PUg6TbOYDkTsdCAGtNR_g', 'TkVz43EHIcvAR3Ad_FRSV66B6_M', 'wGKtoA3ekhTEGNhzEVEFKoyUuTo', 'UVRVpcXSbOb7UhRYjLxWDQzWREE', 'JxMzFxKLDTAfUDT4CbXehEDIxs0', 'gvdsGJhirou76v4rhV86MDaLomU', 'qTb9l0ZyfN15ae08SK8i619jRmM', '-J5XSfETdQpiL7JSg4DYjzPKIx8', 'kkMGha9ZpHubP6FvdQjU2y0cXQM', '3036139']"
124066773,"['7DKMQSCD-Shuqpcakv-D9uVVGV4', '54hWpQ-ixtuU996sQM6EzsnnzfI']"
14798696,"['45-y_S0A7GPqy75QMQRycCsnOq4', 'rLw-v_BgLz6uDLyExCvsfC4jMRg', '-EMVLpDByCHbNxeGQNMNFffNgvY', 'sw-AZgShkjNk_AuPeAfHSPu9na4', 'bQmvdCLx4e_1kUZd7UiHrdyxjEs', 'wS-0Gpia5wldyyCL0i3PMFMuBOw', 'ZbZz_rlKDHasLeQh65IKF9hDL1U', 'GnsseLr9yc7iZ2LrDb5uM_aCYSY', '9tZ2tN6JK2PcioyjL2MygTgyg0U', 'mMrnItv-5o3uQK8LZYaV3ucuUrg', 'Te_w9Oj9QcVnA11zXkVFpuzxnJs', '-9zFBZFqguwN6iRtpCw6OM3OSks', 'CMDCelpmQSjzeB5NjEF-KkqlSuU', 'oF5rW4XGecmeGiiSibGME43SkOY', 'XcEsJOeVWIknSKX0w8GeUfNJMDY', 'hNIMuLVBK-zF4qhfm-IJ8CXY8q0', 'wO1InrFhst0AYSzFS_iegis_5Is', 'lvoI0xY1Gml9SROL3ech-X6E4_w', 'DEdg_ygiMMfEDrMqr5kL7FtO3Io', 'qZ5ej6XrdmhXfDUKIoLXO4Q99ew', 'fYHQnvev0NZRSIK_af6tbG6sbE0', 'TdaOEASGv4vvyI8nPHMVExBmOak', 'm2yjY90Dlt-e7Lp4KFJO39fNk9g', 'dyHt60-5c_G0_trhwcL6HJxsUd0', 'h1uqjZf0H1Kc4B0SS5UHRis-QDw', 'SqA_lrx0g89ggNK5QhBwB2YjeY0', 'I_PhCHu7IisrJkDd58amoe1HRRE', 'DKz5rEkXj7HVYvOBgH0M3ug6F-I', 'KwdY3OTNPZO9RfxNW-H26kqWSsA', 'jDirpfxPajZLqISC-1V7PFw6Zx4', 'L002QSVfzsOwq1XWUQHjmgg9vfI', '487WHxiGMnrv-q8pNPDbNF4oIrA', 'CONy1EJZFiRKwSk5EK0uGKv9ctU', 'FDzGaB5qhTxZPErWvAM4uM6Qc6o', 'o_JzLbEAa9LNRdIVgtC7S2Yfzgc', 'sIEYKDnZjNG9jEaip2w5OpB5l70', 'k3gkN6HN73-bWJYjjACDr3ufTrc', 'ng12K263uWaqRVrebGZH3a2VBOo', '8tuEenqSPu0Ca--hSnncyaSLRP0', 'hh8CqjsFT_uZ6dQWILzm-jgyomo', 'OOJCRR5SVBq5KCVjOD2O0YPXVGs', 'alabysTZ5CVXmxUnRuxqQp0gAzY', 'j56Eg86F_Mx9PFQ6ocHRHRQ8Ct0']"
15378227,"['nEEI2JitGpfadoNfhcKOopCKb-U', 'Hnx8Td3EblqcelYCKhLAlwSWdhI', '3XRVk1bjvZQWWqwYb_ZlUMsiIyQ', 'B8svQI6rULW4EdwnFfh2IY9hqOE', 'VaL_0e_0otCT8Ivu5GvGXHjIIAc', 'HvJWk8b7WTVoIgFHSAMCrTnY9to', 'JaaIzRGko5oICChFzznrtPje0v4', 'Z1MEjmQbJFgROKAk7NQ84vIatCU', 'yq97pJDRoUaTlLTMKSzcfKO2MdE', '75jq97dUk7nYuODmSnqllz88Rac', '4npLp9WPgirl8e--LCFPtuc2hrM', 'ylI6xYY0XD--iOVxl9NoIo0i09g', 'dF4UV3NvcO82LzRFEQbG5F3zrxM', 'Q1h3ABQn2N18ZzfBew48Ml_W2G4', 'D80dsVUWYkCPfIrAdN6QgbGJJFA', 'yOzBwjJbfiLScsljnlDsMj-vU34', 'HXCKzxGWF6XXleGLJnCdhPoklcg', 'cI1O6HlJ9Sgi-VV5vDdKXbviuxw', 'NAlnMDdNVzf9CzYYVAmae8ax7bk', 'Eh1aorrRIB0QcdJ6muerYgbq2wg', 'cPiNSnviJIbKiT84eTivB_s06Eo', 'kZG68AMQxAJWOTdygy9-zVjw194', 'orWEcYRXEOPSF74mX9jOjxAtYsc', '4205250', '_2Gc7scDMBOPUlQjmI_29IE46iE', 'u98JzGeLPEmx_uMuv7Qa9kfTsos', 'IsDbzSF9u-33oq1DmBTBQmMvJtc', 'UwZ7ezqOqQ-hFgpiintE8gLyNLo', '1SD6WSnuSfKraqUnln8TSxWnEaA', 'HVRlkvl2xrbVg1QsvJovaxE6kLE', 'VGnWkwgEfp98wPG7f339HVnprho', '5IDybcX0DJ2fl6-H0FNnhu0cP1w', '4sEt4nfWx63u75WCdYi595FhCSM', '6l-H86s4HEqVmYbjUMW_6sRTgb4', 'sJe8F4lvYniyKtHMjbEr8X1K4dc', 'vBXD1iloANUaDPLF__lLr54zBnU', 'cYVk8ASwd44O_DIudhWrlM4_90U', 'L63TkLfi4OA24PAHpIBgiAw-sO8', '4lAxMnxTo8FZgSe-4C6LJQ_BzHs', 'bf1jorsucOEgL2CgEk2lIBWE_PI', 'GpmpkVxb8oG4V9LawUJWy0eeDkk', 'wVHRO9HrN0M1HBaPu9-szOHM7xY', 'R97g52Mcg83CTpMUJ4Hfe7ZkSMw', 'v8_BNaK7wovE1vbR4YWjVQNuvF4', 'PgVyqLLAZaviDtm1HBJiuadqxWw', '-6R6Td6sWfzVBJJzYU8qsBParq8', 'ESyCeEquZZmpyrYeb-jeOuD2SFc', 'NGEbGAdRcRuiJH367xdHl4rLjWc', 'fJ7JZsZc8ZifUbQ-WzmdttAETsM', 'H5G2kbu73eemS08CI09aiIOG_Rk', 'Be3C1iH4HpqnxJjj7lpHPyxfk1I', 'VuJCB7EhfzAcZNIbntWK3K7_298', 'mVJVvGFBv7AImPonsDF5CU5HQOM', 'ikCNvX-Kc2lXQLR7OmVCQJao_Fk', 'ah85o6ioTnvFRoUtRn0w15l0yrM', 'bBmlib3EwVKaRgT6mnKscoHGVN4', 'JBKVwGzgpXsixbz2uCWqibqZoYE', 'f3p7WYFz_-eBc93XgplaUWPsIec', 'B0gZ53jom0rBJO7uTG4-8KJK0js', 'IkIQSVBXVbXnF1teU_xzyXYekMM', '8stg7ZiT2UaKpCDt6ypOR4BdIoI', 'Y2uqaBFprQWVimSDEf77aEheg1c', 'lclfAEDbR5c3JNrUuYA2nbsYQEU', 'vOqA4c6wcTLpChj_3_omVEjon3w', 'QN8TK106EvqQn9CHCLgqkW2u7KE', 'OBjEy1_mcinL6K5MkE6sV6TXT_E', 'ag4A1OLZH5B0hW0LE_qnnZeJ1vs', 'FvxTR1G0Us8GuQuVwtxZbZirVEY', '15378227']"
122568853,"['WnDb1rTEGolFFtQ2DG9CQwu1jUo', 'rcwc2z3U42fINu-nV3h8FuisOjg', '9cYunnvwuvM_Q0dFHwGohsR-qBE', '2wQeHG5chvw4TG_VzXDelcaGKv0', 'LGQzHZUPpjil_IhNsDHcau7MF58', 'G15dnSXXKBibQKuSL26-1yvnpBc', 'fi-RIYsVkQUU3CJb3w-aBY74j90', 'MafhfrNxOMgf7JM-3DZQMF3WKrM', '4qIPvhBtNHaWJsTBzj8c2-eI4c0', 'G_DSQ9_bRGcetm0oHyZKD6mQDPE', '5lSTkAR47g-_fRM8XCdeSDLxxsU', 'wLhYiO3EKHm2N3B1D2PGV9kov9A', 'qJbTN6-vghjuhPguT0zY04VkqtA', '-upUIJ_lgVv6fMrxFgja76KQ4co', 'bUkd7qwODSiXO968qSMdUHeasmc', 'x_6gK24dgbAlvGpWy0L87oKAxQI', 'gV-EkW7PMbzmVD0PM4_UrnR1Xzc', 'ueB0G9gDqS1kgtxpBVIezdKvwWw', '5EUruO3m-0NAGPDaGqDP5BZZrzI', 'tQ2bPvhd-itdBI-knK15PXKu82o', 'PHv0zs8aP-vHitDFEpM0T8dougk', 'UTW2mMNloNpDrE4sbsyWDnAkg6Y', 'cIArrfurPN1vcNG2gpbOtTR2sPA', 'mJ2ZIuBvQImdKCwjmEoLmPAWIuU', 'ZTVnW4sDq7RiQGdCcpMjAw5sIQk', 'MRaJFiWSyv8_tytl1FszzNlWIzE', 'FKQYosNCY6HXbG8kdsw7sz3QO9I', 'Pq1g2_JwtwvyZLONH1jQEvTS_6U', 'oJAHQ18JzpKXaH3IuSmbFtp0uLM', 'YmTrxlvUD6JCPv2VQXkQEGY9omE', '7C5lsY5ISeOIPwD4qSyxMkEc08s', 'B-E23qvTa8O_ukvlWlwlqQYCPao', 'fFRcdk_MrK8KJcL47-qe8oHFMdM', 'UGUoptpk1J2pWJhKic7EMXHBDbw', 'iZFNuYVH1upxFWtESWIqQwcm6hU', 'EFT6IK3PZ9cLWYLF5126TQKVT_g', 'TU-Nor9OtFc098i8dHs73UCvRrw', 'O_vSIySH3qCKIInQ-_3YxOomUrI', 'jqAlauMTSSrKXaeOOTsN32ShD7U', 'G6EF4n6lwGUGx8mDz8XQGNRD1OQ']"
90869956,"['rDuihR5Rqe6strbsxE5C9UDNjy4', '8q_ezBHfCSYs2d9cnvlg6TSJM0Y', 'WEUwrQPz7YBqI0zqdjpIbrbQQsQ', 'ntY8I0_gmSOYkciP-bD1FvUX-6c', 'k8xcBp4zBXtNuEc4R_nWwukt_HE', 'LNALAld7EBbswLCMLZYzHvF4cAM', '02_nJ1_eAG0Z1qe1f1ayrcNNDtg', 'XGfmQYRyDs61aqppOwSX3bOeb2k', 'PgjCSejaKXNQButr8Oqv0BB1q5w', '_K3SWwlV59GFFbJ3jYtnRVw5PnY', '6TrtifxdxiUSKzGtDInrrDv4YyE', 'QUKWmKkTJPqRS8Ug5JPYlKghAic', '4-jTwrbHxBljWequUN02ecib9bM', '75f7olpH3pNNqfjzntr-2njQdVc', 'b6VJinlnxbbjS_YuSWzyZ8ivjqg', 'FWuHGk7Wmn-ViUA1sTYRzK0bLPw', 'TWiWCyUidx_IvYdsz3DbMW2KAu4', '8AZ1MevB5hUrIzUduokOXdMFWyg', '30IyumXboPFwm8dUfaUzY78Xpn4', '2_YHypDx549lEuHNghnn56tXGsc', '41366166', 'cAMM8dF0Odagadwr0Sg9bYf7HwQ', '3Hskb4IyvLv2c80BG-BqL3VUtFE', 'gOKDYXYXNX6pdjnYD8Ys9wMKssc', 'YS1cyNoh4ZpKF71SxmSGkptGDd0', 'rvZc_Mvv7NqSKnWAFhGfpycG6_s', '9NcwUKZyiMDCFRnMCwH9OXll6GM', 'WhyH2hG5zkvbnHTTx_bMCVXPz5M', '1MXHpCHD3Irgm5Lb-2-NjIc9Bxw', 'z9E38LC0_BgGxvJpFclULB7pP34', '9ddQyc6bbM9Vz0ZkGDJw6fNVyT4', 'P96QGSPDvlVe7onJttsfmX6TqiA', 'cfe6-wnOtq_Gphx3FvUE-nsPcHA', '87k7TH_bn-Z-I14wp_Ox8naj8iE', 'fNs3P0teybaUm9gu1IfRu1ok4xo', 'zeIlvIf_QRWCqEcoPGI3pSDlKkQ', 'oc5frX4wQYA7HqjIfHPFhu1x7kk', 'aWt7j22Vzz6BoiV-El96I3r6de4', 'pUckMoOOH4tk2twYpI3yvI6-nOM', 'B5YpPSOtVeirAC8JWicTwajaK7Q', '0PrCrcAGr1surciWCsaCSfzEwMw', 'NCFfN4j1p7I2XlijSHRj-IxH8Tk', 'NcJW8fNA-949k-kK-5Sf4aBb5ZM', '7oLbPQmuSJmv0BR2Kq_eBv0Czy0', 'tbwkkJnUhwWJ-ilkAx-JnHXiDWs', 'PFGx0AY5hqovF27iKp_-nZk4HVM', 'PZKKhznrFxvRdtn63UrMIsIRXYk', 'Hp0y9biby-GjDPswTmirpYrj7ts', 'rijwJ_VMtysO3fRAvnDjZNBNSpY', '3Lhw8maQna-t6ZrrePcvtYT2kMw', 'smM51BOfHzscQUwffXPwtemNxcA', 'nCs9TJ5DvNKYGI7jwksHqWvUiq4', 'gcbRKtBLGSmyQgpRg4JtzNBf-rc', 'MjWc-9OP7KzQDG9ACanfhTssWMA', 'oFA4_xwGvyjk1anUFKgwp1BXkWA', '-k1u8WjAITEJNKtR8Oe_ZLN4hYo', 'JFnHgHXOaaTbWU6PiC570IwZos8', 'KjrZihbALFHzSLEjHDHpIJrsY1Y', 'sAEOAmriJJy3yJ9DdBQm-vCNAyE', 'A7VN3cf3kXjXGwcmFL9Ub6ZIxlE', 'w9sFGx9umq45IzytcNZnBgduGe0', 'UsvtO9bbh2B1wlcFsOEPF69ItEo', 'NXaQjNvS30k46N6TABF39vI6Aqw', 'ti3rkhL0yoX6tfqt_7vQyTlJ4X8', 'gEciDdYAds2yGqcpmsXg2PR8dgg', 'FafHA8L5dlcLgssKrpdgEBdHdXo', 'iKWqgJUNcTlzjAfAtZNbXLhhb0g', 'TFcUTtBYen_utxLRDT1_Bet1vmw', 'GM0DBaTQaobrKLc6w4_p8JB5ieY', 'BuPGMNFvQT4joZYAT5Hwd_YndRs', 'Y1VTvXd0IvMULnxcKfAHnjJ-nsA', 'HWvvj57vkS0cYiyvlDbYiaVxrKI', '-LU7IiWJJ6MHxDH4PRP_TMxAmRc', 'jBFfzHJYxSXV9P3qY1LumAyzOAo', 'Xpq72OO6wudDXsWe3kUlFC6xNZw', 'C9H1ZhJHTva1YzPQPxNvvYAcxdo', 'Qli9oyy1ND9GVNcfm4RyLnASTzg', 'MmqWdwA6jFvvHwr8lPK0X4ARfWw', '687dJxq24Gay5x71dT1vBS0wlQ8', '5fVOe-xZAdOUAwkVteXgEEhIDSo', 'BG-UULOcf8geEoXq6-E_IJ287C8', '4MY5NptO-HZl0c7VQT_ob64t6ug', 'TA_hsxFeF6A0r-NUEWuWD-_GTm8', 'I7z4nEjDH3aXXAySt8-6qiqdLKw', 'zsieAZPXsrYSYKHbQsEA37O6moE', 'b3QkgsPUrpMtNVsarReymlRSpIw', 'zGU3JJqwHiXRCHbmecWIKF8y7ls', 'b0JE2ioH6-mxHJrEZ7nX9nxsOdY', 'A52iq5ihPJbIZemEtLiwmlUwY88', '5Hw5B7Ra_f0QXikWmT04Xr3fMEQ', 'gu8VnxW5Fs9NVO_UYhFUYO-o96w', 'KbWA4AjcOZ9v0TY8qul74bjuJyU', 'V1YL6O1xCRHhbuODcuRQVWRGkpQ', 'jcDtX8udpnRJVGW1sKyeCyaZ0a4', 't44KtbXlcJuEn_Fi04JakzfM71M', 'bAtG0lp2hdFBPitg3XROJ3241zk', 'y8_N8gg94p-NrFnF5Udy6llQFIE', 'L5iyJW5-XWLI5-78pVn54TKey0A', 'noWnwsGR3fgqlvJttMa36CCVvjE', 'sn20_aZlpgv8y57WO9HQlTgQORI', 'p3AFHX260G4my4PPo4shxF5O1P4', 'PN2b7fvGgiEjPRSKDktQBmx5I-0', 'Zdit4P7h8fKQilH3uiyoD8K5o8c', 'YXNBNVlfHbyVWGBuhnfQZkQL1VA', 'V0nrkoch7pkuG3S1Ca1N43s5Gms', '44870865', 'PthyG2u7h2QTxf8NZTXf_6unO_Q', 'txqmrcpoAT9abINEVgSSl3mTOSQ', '9dlZoh_hxkissa2tluAMSOl4Mb4', 'VTQk4zJtxYurqr3Fq0rCFX0LcKg', 'nEzmUaWQFboS_FjIz-GSnBLEAf0', '7vl_c5KxI-CcGe_ZtrqNqqmV_oo', 'XTncfrIr5CL-XffVYI2Qcl1cZ4o', 'i4zDu_nYfMZpuwNYN-Qp6gBy7IU', '7TZ8yEd008KMDti-72GuyEtsU9o', 'w60W5AaH5VbU3iRX5Cb6IvNilIk', '6Isb5mZosTFJxwcWLWhku1ZFNyg', 'ujQZTm-9BI8vTEl8j1B7Av_eWUs', 'TR-AV_rzvI7QfqvF-Wv6Scm2Qa8', 'Xq1fsEcjkrXWmSETTVzHC_hopDo', 'O4akI1AxM986tjyEIFHKx58vBDI', 'jQkXk3vYS6j3b8FqFG3mgHZAANI', 'zwX5WFbk1Duf7Jh7unOr9xeop6g', '217JB5GxJljjSGXFaPkKHsFENLQ', 'rh4anpkT7TNk9tydPcdzg4J_USk', 'yG263yIj9MAVwrHo7FGVCsGRenM', 'rOpomAB-c9rJ4eB_pc52ivtVFaE', 'VaC9TwRT2gsYAUlmLOSSlnpg9vM', 'o64Dl2ivQwyO7qhH80hj1awkYzA', 'mwVG14BJ8ugaWV3QF8npjvwZVTo', 'RAtSPImEad8etp7xq7-GXrvJWDA', 'hq3yYKx056Cvb0eFX8OxRYnpE-8', 'cwoZ14MWW4I9MM95tUFTXF3_E_c', '1288940', 'FZyv2j60CyVeUzg9BmllKeiMwDc', 'OkPnR-tQF5Nf7ummWtpuuiGkE5c', 'nIhZi-TtskR596af1hK7HzcmD0I', '1j8codA2e3WioTeHnhG6YbfPrkc', 'Ej8xJa-Sv46NHeW952cZb17d93o', 'ADx6UoaArovyXcpMwxmCpLF19PQ', '9ri1GkoY3-PxmiAAjeXCspqk7rc', 'CYHiL0aYHLg0pUYTtqcI5RvZ2I0', '2zAix4gZH7Ju4NkwJGRVPO1DXKc', 'n0avPYgkrbzVXzAqHf-LqK5jb5o', 'le5yWlFSL0gVOAv1mo_uoOHy8Ak', 'T_qZCOKwje8bVrUFfb0ZUQrwhEg', 'BqeMBRO20PjTH1Q5lkPBbGEQCmA', 'fI9-wAGqeTuQvOOWB00I-jMPAoY', 'ZsS6uEpLsBkuI6Q5L3H83LSVsqY', '1PSUlVEhnI8wxvLe2zD_dPxZ77Y', 'NKfMMSyKwM2zOi_UOUn31ZZ2qhM', 'rmr6o1X7cjSORBbMU_zqnDIfbY0', 'pRJwsMGxfMFqnPLjw7vzp0Taiiw', 'KJUwnINKA1vMLdFR_7MIlWs-3OU', 'S3Dt7eRyRHCh09xXF-1UWlZWosU', 'I0nS-XfONCElnDMrDAWQjOoHPS4', '-aUsAggBzijmzMnabVbkoHBZ3qw', 'vSmiXlqCPhBpQmLoslFe4oI7zMA', 'ypZvRaYg9_UMFnouvOoE1yODSDc', 'HMhbkImPNTnjEZiWdw_DUZaobt8', '82saX3g31PK1TZ5370ucZTvOosA', 'hX5NGsbAbyd2oqhxzEWK-8QbtD0', 'gKt9SJSXZSKJ3Nqw-ijygXKwX6U', 'Vp2IMO9CNDmgCtK9yGOAG61UQf0', 'htOmnBrJ-jnxO0-vHr78B7y5aXI', 'Kj_0mPEl4A1XOuKRaBxMBFBbuS0', 'HEqqaZjmEFsFedf9HvPX6EYgnwA', 'AQQ9ndCUEqzgASeNmoBXA5Y13CY', 'Qg7KsjckppP0mKmuRZjpG_oFNmY', 'bWQz0J8fITarJAO5yoQxAOL7zPE', 'mcQA8-qEpL2bcVf4v0zmXgl5Lhg', 'wID3Y9kxyEPh-IH1RL0gV9tH8WE', 'y62VTIRdNtRHnEXCbMGjP5Rvazc', 'AimtUmm7IriflgsyYe_NEVRNNwA', 'Xct6zeeEjD2sj8WkTFHZEclVhsg', 'ueeF_oMZiN3oNWBJpDkMyy_hzxE', '-slXkeH8jBPh1VmM4ccyeRDQpqQ', 'UqIilb-xcPq9OF_wiKqCe2zorIU', 'fWxS7_OdwzhDQJT_N-sySl_SwrI', 'YO1Mv-Pms6i0gxcBrzcjjZNi87k', 'ALZFtnQmKc0_ouzjYcgtiJ15SBA', 'VParNHhub9AUwAsSuvXrHUMCGIg', 'uChFb4PT3zFP45cLrOS-qTFLqq4', '6rOQc-ukXQcbPNjpJ--KBmQuvAs', 'OgiTq2Rv1kruoDZIVRSyJvvr5_Q', 'OUrC-w29_2RTzJU8Vh2bIrm-z5c', 'zbkguhdrN6mpQQTflhP5EVt9PLE', '_e27q0iG_myH0JQvVg5s3AOpxmI', 'UerLvgwntFzLDd4yU-9YjPUcSxQ', '9P4l03IHDcvdlzOWzS2miTFGNmM', '_9RL6ryUcEGFwixsvrkwWVmkxx4', 'ZcnFLXqp1jVAxqyGJrWe61Uz8zI', 'zj4yaoAr97h2PT7oaKzH0Q5WpH8', 'ms473PXbBrVr18ypFz8bXJAMLeY', 'P_HdScEVOPqCzASRtuxhCmJpSRs', 'DR3d2LAQXYSCRcWho2yiwHSA3kk', 'AHkTxD5VJdpFvbxsEIn_U-3Z5Io', 'ZJUTH1i8hhHoNE0CQYqVjpd-ZqU', 'zr_M0-7pp8XariJaJd5dwVna3ng', 'aCfBNH3DMFJ3ZjSJHiQl4xqBX-s', 'eIjVTLyT1sftZ9qv_yb_-_AHZwM', '2ZLpRzabsESoemm3-nX1vsES9q8', 'Ip0pQN0B_zQSw0uihsQQr5rngO0', '4isEfswphg77klapi0lBiVYmjS8', 'IGQeho48xj97vZV7RqH27VSBu2Q', 'g9GtFjCPl1f4PL9xrrWfPd0epuA', '9egUgs6fJfgyN4VM8Be1NnDJYxA', 'QyJzPveNV64anwT7SrDRqV0f0zY', 'rvLd8yUegJlmucvna794Ss5y3SI', '5dspF__buao0yeLqNpq64dUNs_s', '5mQLplgLjF2B70WnZUYFc-YeToE', 'v1WOnh3edkjPycge4-5RN2H7_BQ', '7NuGh4bfOwR4XZJwf0TwxW2jf9Y', 'ogHsqPBhTu_fLcstmxElN0alH7I', 'v5YCsmiciMIds4qVMYfuMVHPNCI', '5B-_jDDd2_oaaWS7FiG0NUwQadM', '0Rek_Qa67LWkl5S5vVrYAd30En0', 'vWVlxhM5SxzDkhbgf_IcX6IUiX0', 'F9t-o_U1ZR5UzISX13RDcQeyVwI', 'TzTTp1_JUzGpSmFHwhdRrc-jFac', '32KIRW5Ta28zLNhF-cjXXWwp7jU', 'pv_Jaeb9xgy0bGxet-RJ5il2xjo', '-2_3WxL7j6J_sP7oCYlDzlr099Y', 'KDK61zxscCsBcn4USV0Cn5IlF0s', 'Bsf_NNf-KEn-JqDf8rKBGZq6E9A', '7avK9jyCmz9LcevXseNcHqHvjt4', 'C9IODdTW2iHkPlhzaaQ_xOfNvV8', 'SPU5pBxWFS-ZjOAq-nIi8G2y0po', 'Bgz4DolklmLOfgHhDw4_vJxSZS8', 'MJxykhZ0r1uwCL1apbdH8-jpoS8', 'Jas1V-twIkpM8oJXSD7HbVz4exU', '_lS33H0n2FM2eSPfIE-w3RNkXAY', 'NFGM3c_LgJG1H8waB5Ic0dyIGbE', 'tI28qxxRtFQifjlfeLNw557yCo8', 'P7ZWJXcKLKHB3WThRkriuZM8ums', 'wDyNzvQPIsxG1xkTXw7OkSH8Bco', 'VityqEpX2PCV7U8gYVqzU-Bzolg', 'BZ6cK9hJOFn-qJo9mtE_cB7F-cs', '90869956', '5OOx-sptPVZHteY6EmEGo854Qwk', 'BNq2Z4DUWAW8nt4yR0xxak-QE0k', 'KyVA65dCCnedHOFhudwVikll3r0', 'J5pnkVEFRpljPTz5JvTkgzL-xrg', '1ApBKJai7oQkuHMXCZWjisBFLxM', 'Yq1uWDkTxjzWCFEPj4uxJEByzvQ', '2B_-BrTs4mq50kbr-YqdEuQwzQ4', 'qHM43UkZuypuLsQZdrazBHyHrLo', '4QWkRfFJzkbMMYYJ2Tln5s5WnUA', 'mCHqCzrVB1LCcfhMYFkOZZtv1Ek', 'sibBcpTleFah_Q6Do_jbMX71imY', 'VwhWCiMzhv1YtnD0B_0uU3jdH8c', '2QcKSIWAyStw1FklnUzopj14V2U', '4P0qR7092tKdZmj6XXSEtt7QKZ0', 'Rm5_f5poEINnYK_DJZjD6-RS-kE', 'i0qnSiZ74vRCkARlKZesHK6B63w', '_rJcQIATqQdoR9L5Ket_nnj6pxc', 'Eu0uv3H4TneITA9inm52TipDK8Q', 'IqssWXKGDzk6G1dcteLPOftlkSg', '5YKorcJNkH_sdtpyTHBHU8J_uwM', 'TiAv4gZmvv2swXJlb7xk0naKRnU', 'sF4mOdU7dGEBP53B754Uh3_Dygw', 'kkgVtEBdAVWfbAWOKsW_MDRzrxk', 'tCSPUl0rI45-kI9-bmF29lL3UMo', 'cvupItP3PAeEiCrQ3yrFrSpjOuA', 'o6c45-USH46QM-5bRRWJ0ww_t4I', '5RzlrhGzy9AvOaDI1YRG0As6-p8', 'dSd1FM-1lHDrz6iw4M73GyO6ORk', 'gaI290meS1ePZ7jiNfCpHjp8IqQ', '7p9epThYJgCiWGgCBd4DYcBLAXo', 'GV9jXLMVQrChVihxe9Duk3nxKAY', 'nkDirybfrzYIofvHpj7113Rkrn4', 'epcgylxfH1wy8aKvC5QSaHI4zhE', '0agIqiDpZcNiwCd0rg19RZvT6ic', 'mYFbCQgOjg_5_kWgi6iBw_oNFxw', '4MW9xCXv7e1AiEVKBpAFUkW544g', 'y8S8-TqxTNN2sa1thCWqIWO7sXY', 'pwZtefnAZhRW8pXn-TVTqj_2DEQ', 'tBeK2H7ZH5f65l9V9BL8qUUEuns', 'E-WkYlKlRj7BwbPqMg-62FBXzmM', 'gJ_Pkq0MhdMAdFygDQZdgcUXcUE', 'Moz4fePka14r7PQA7HDbB78F7cs', 'KQZjzeoa2VIKKr6UoW0GruCDbtU', 'tBNbKXhV8uUdqTfgqQS-ML6Yb9Q', 'AMVKuhcGfoLrvMXIyPIqZEtHMh0', 'YAuSF_esmUoQll-eeycsARToAU4', '6WyT-cgmHeNsK1BFKL5JtyQipME', 'TBRAI2WIMXkORLgiKgPnV0y2Cks', '4WVhrJZTYBKQG5ppurs368OqsX8', 'RyDNbYEcaPf_mwKwND_qW9cHMHI', '5-dSxtP-qlUR7sPBaEEZNSebDg4', 'ALfXmBxicZtfLr2Gbl6IntVV_ks', 'a_MAZIXx7CKI5R5Z6sPLc51nHZY', 'AdnIgMarePv4P1vszTnkGrPo_OU', '3860lgwr65kfu6mXDnbYKAAMR-s', 'Xfv8RWCt7ZAQ_OcJROmPsHuRDj4', '-Zn2IVybuzhf7Z6Gs3X5Z7iCbAY', 'omnwuzRv7hpqQY7zYD4tTw-rDao', 'zMpEzcC-dNZuUHW1oa-_NK4O0aM', 'b-bBGKqv2xzpWwMX90wy6i3Xi4g', 'zhFJpuwYF4OkZSq5O5GkVb8hJbs', '7FiaK6ikK1nGBN7ydLxvSaciTOA', 'pwmG2vngSvGnR4F9cF34QzLW2Ms', '-oIc4H4uRaEuSXOZ0rDDJe-WSeU', '8y1NvUL_3lHYiuHSGweyh6Kacq8', 'yTmk3kDug6m8Q-XMW_B2ly3KD3U', 'B2-oMMX7vkrBSWzywaUNlssajCs', 'HJHJ-lQGtMJatFjzNc9hm9EOxSc', 'RAyYgLn-hSD6srzTqR-TKpXDlk0', 'Ahe3XP6SYTjqzrml2rO5u57W3-E', 'jrIo8FI6kOLOS63hHhTGxAUtcnw', 'CC7dqh76EN9nUYuTXdZtwG8xDBU', 'IUWQ0rTAazj6uF8ejAFWkNcy3zs', 'P9lcmaF-UVRY9g2wvSj5nusq0N8', 'nl8F_hYGbuk_OO30EDtGZuMTGPc', 'xFdhHp2284oN0FB55RAZbcxjfT8', 'Tg363iyd9GVPhfwqRf8qQxkUiRU', 'tVEDtkRvk6tE-ZKmuP0YcvPuHXQ', '7S2oDa4g8ZiCeBvYFIBlu9MAeto', '-NJ9DJbO0A2SAiv7Zmt60-6ivH8', 'tVoefCjKwsitR8xt7hGjbgDbClw', 'ZZBfEkCpR414UbxzB9wg8o2qxhk', 'CI4NgBtdlPqw8LN38q--AEnW5Ao', 'mJ0tbNhTVAPfPnYwY9nXLK7xFhY', '66cB8TS4ptz11o5Yoq6j4fRe5O4', 'xJ7Ezt3LgYahWKbPgx5yPAnc4-w', 'zC3w-8aRLnFkqphxsYYfdNQ8HXY', 'U9Ypa7QnMlOlHmSJWmKmNYMJleg', 'uEhdsGUE5AiVHbwKg0YLNita_AQ', 'CSUJPvdaXBqoYZUss_vJgYEa2Ec', 'Ecb5VkharVJk-U7-hBtYrzaW0QY', 'GlDvJM3RUdgkAxXgW6F9x1wM6WY', 'CiDr5yINpbwM8p_Gx7hu2tKDoUg', 'EnAckgPrKh5kE_T8naTsCEOP_OY', 'bWDfFc3f6ni_Lfw34xUZvp6hulM', 'FbqIm9gsSvJmIDHH7oPR505VS88', 'DLU4PPWpLvfgeVPGZ1VQx9m1Uoo', 'GmcyJPGVOzAz7khFp6inmOhbvqw', 'qFNYb5sXxpd1u9ZK7G4mhwflF1Y', 'nllbwkmca9JlJc-6qAMmwEDnxH8', 'uO0MS9fMt10lzEYIDFfG4_UB7-Q', 'LLRaocc3wInX3UoO58WwZsHw950', 'mWBfXsrfp9FUTw1e-LRzUnyRCUM', 'uS-M0mnyMKiVMvoPU1WHxvz_EJA', 'KiJVTDhXKSxjwdb43cInjIgoZTI', 'ihwnPLNYgqJWuvDK2S_nueNk9Ms', 'QtGSPUd9AJO7qJl1uPB5PI30tAk', 'Qi1BG4zq8RV-5xzfE3eyrc-vqAI', '8eyk-NyX7-_5zJbrbPie40ei8uE', 'N_kr8SHnoEAkqRhBtuumKHqFNfw', '2KId92q1JuDLZzdWmB49cKq5aZo', 'hUoZJ7GX2DX9e8SwqbJXmTY_xbg', 'YQ_5Nhde_YeaysvOomlyrWu_XE8', 'B3DSyZmaJy2VZW1jS-Vgn-zo-ps', 'wmv_SJA9PTzIzD-akPbNoXqF_8E', 'UFXyFTmCam9VwhBeC49i675mFvE', 'BTT9nbOVY7HkI0CBt2Qjg1rn17A', '5eNiwGQHFT1Y3jIEiuRO1sCIqIg', 'Kz1qeEINuDnDZJXSv3idYkEnoGM', 'EreoMXMkHlZN5y52uHPjKWcEA8U', 'kKWOZqpVRSsZv3x9jlNN_c-eTyM', 'DDDZ_KfVNZkJcaNpGbnFthdqCwY', 'vvIjYvQ6JQYE09e6pX62TGDmKVY', 'K5VV5408A0JxiSmDPj6xIeirdb4', 'MUzerwC6BNxRz9v8ZpvCvjqOfsI', '79dZQ3h4UM7KvJEqwBx8NVqGdpQ', 'nOkt4EHb7Avyg6o8CJ0Qaor2FP8', 'al1GK5z4Cz1W_1SkmKA130K8Jq0', 'DlGCrk9HwGcTX5XnGEzkTWeCgWI', 'KP1uvdPjb0kMGKYIrHWMiJpCjx4', 'CfOSQkiIJkDFgDZOeyWjPwdz32I', 'EvaFCb9gBhmclk6-H59Hyg3srFo', 'L4DvKargqh60Q9dorLx7LpcaTs4', '-0nuIQP5L04ojOozzlVWYHX5pR4', 'gkuKwgE3XDfuLLQo7AmxM5RkjdU', 'whtxXqUzQj7TKbJrg3CaWDDWwBA', 'JZi_I2ZMES4EdInll0yBhDPFFwI', 'QX7WCqyy2Q3ewBryZU47acrZZ78', 'IB9YYVQ9GWl0RI_53r7AR1wYH54', 'ad-aaEos_n02TNAIclQjQhNlDsA', 'ObIwr8Yym64jgYgemhJorJXyLQw', 'M64ef-X-vO37bdD6jj4zvOJEspw', 'CtEJFV3JXgI-7_wJkpLs5wSR38o', 'sE2B5jwciao5AOhJrl_GB-WVn_o', 'PeO5jfTuE_RTqxqJT3HygS3LUq0', 'Xqx1hQrVog7F1er_i8vFJi6G53g', 'vkQ4UwQ_SPINf3i47M3W30R1aKM', 'yuFBJAHvCLxj4G7ZVjlRLqXt0ck', 'xT8V_hDPU3u0fUzlaDuBiVva1nw', 'OAhXCga6j9Td05qQ3lLeX3Lu_lk', 'cjEb_s9fNSOTsAqXapr5ASKaQbY', '3X6kvb3TpxFIgrZNCfjBfSBHTzs', 'VgnXKiI7LZ7RTdNz5gl_YwYj_iY', '9jANPTyDirdRkDC0jPSFCkK4Nyk', '5esKLvL93QwqMTLQHXEmWngRkps', 'c1rMcJWk2X0wfgORmICxsidYEQg', 'jq5oElEuY4v9KD5JInceibUm-Uk', 'uuu-U-WuqqUP7HKPlKIcn_4EuyY', '-WKArv30aJwK3-_rUZajjzJnbUY', 'DQ7_j4fH8WMzayViDY-DNtLkMVQ', 'tqu1IUL6oLX7CoydlDy20bEVlqI', 'ce3vHOQ1vzrr9CnM-fZiDQ_xRns', 'elmvfR796WtK63DrOXMK3npV7JE', 'BVVIHK904MdK4h6Y1ts5wyAR24M', '6MaQi9BmU14F-fmpArJiEej8Jy8', 'RAVqA_sswjisacaHZdjglHEI0jQ', 'J8OG1YyVyhlUmdtwHip9oRS5494', 'WPZLX0Uh7k2FuyJ4ixMnmaZd5D4', 'tjg6z9vk09q0UBzDTla-tPfL7h4', 'N-uhvtCxlmx8Q2yz_epFhZcopeQ', 'nFGbErfk4RBQlP41glMnu121U4I', 'rh_iWt62qUWBzlNMb2c5Hen_Pbg', 'HPrCsdN1DrVjbK8GuWNnnM0wH1Y', 'dVu2rTcIfvX_vymZoteKSirt1lo', 'eE60XvCJvCAvkdyPKwx_W6AlmJM', '9JP2R5P5qi-kK4kIK8wpNCidgQg', '--c9Ow3O3m1ZstcbGoXUAbOtOkM', 'zEFbixMss8C20SvgXazXEHxs4iA', 'f7u8s7_n__hKyCG41jl21cGGkT0', 'FGdgdY_rhW2GlWdrHZ4HWzdbFSM', 'MABkCUzYFRGCukcgFQ_gLy6f-0M', 'SGhbDV9u035078jdmIoWeNgr9C4', 'fYq-F8Rdv7lXL8dDKBLSdmgaXvs']"
118912850,"['mka2ubL_c0NNoWAbHly-YPXpT2I', 'z6azAFaZVD2_WcvH03ZOyCSxpio', '7DKMQSCD-Shuqpcakv-D9uVVGV4', 'bIvIRXzHbARfeZ8PWcDgwXfEFZo', 'Rw601HPVnJa1FmnZ4woEXRhsKEg', 'pfUMIgnHxbdNX7Mf8zg82z3A0OA', 'Z9GX4Ux1HOD9QPNvKue0GhYcgC0', 'TOxMZ6cgtCxMB8l1d-597XCnZ2o', 'fGxP4Dxa5vKn_v0wzKb3EyM_wtA', 'gyfclcgTfyQhPhT6iULZ0-9He9k', 'Hsefx1Y9YQq-P7Df2t1abWK9AN4', 'Be0XCSyeK83eqOq9LOqqhny_rXc', 'W0gu7QzFv5vEVsLu7PV991zTSMc', 'p2--Wdt5z6ksD8GHXmtTmUqHhK4', 'wgkHAHO-3vvY5_L9O8BcVHIF8Os', 'mlKH5KTx4nsCTE1lCcOQHxwQLOw', 'NGjux8Y5pyikh1dlnDeY-lIPzKQ', 'Y8OjfH9CqVVWRRIft0iwsOLCZQM', 'GAWWaD8ZAM4sjYeH47n-_a5zWiA', '-mA0YzqiPm3DtuVHzgFSIVjwQrI', 'sPjV8hYN5tXUa9bUlA0WVMmeKtY', '7QjnoZoJe5Xubd0OKRKkq7UWjUI', 'SKg0myhAe4ZFEJoAXBFsa2g7Ntw', 'rjCR1f8SsxHdW6kDUjQNUoFg2d0', 'wdcoYkHeOvCNzDZrZTujpxxN5KE', 'UndnVXrKl0KCOoMYLl6cg7ls52s', 'iF0lbVYIeVNX4K5LAu0gw2SYMHI', '50iV6F26Q7Y-BnqCR0MKrzAiOVI', 'z--ZGkYCgvDlUlCsUPub2IDUgdA', 'zdweQrU3CZ9PMtZnmxqCcah9eDQ', '8n8vg8id0smlGGNk5iOJWswvDRc', 'PzBLGByHnnRQ_kCfzRLFLwdFU6s', '-_p_T1RBLc6sKeE_VoT-o0FoRz8', '5I8axdu9FRCkNVcHD5R56mmgvic', '2MRrqCEfp9lGWiqRx80FKlgy_gA', 'NJ50uAMx7q3_y8n9KgPb9ABOmfo', 'A06ysB8vdjJBReEUie-LqFI9ppc', 'fXkgtQQ8o9dAxC_Ne7mkSmpQxzM', 'exTim_PtUMb_s2LXiYCtz9Cydxk', '4isEfswphg77klapi0lBiVYmjS8', 'JWgYI59zNgE-tlbPmjpF5ocDn8g', '3SL0_H9eqkmCTaYEVeXT2OG_yQY', 'KSzdGSnfoyIbWnCVYRg136EXgiA', 'AUHcBfBtsHtcTsomqNKTXL1fufg', 't8px-FXXr181dBHjec24yuMtQ5k', 'JryF1F28brAutThxmfAIqun6Jh4', 'WUUMGTJM4LwL8j3Fg4V8o4tdDrM', '-wh270LIuR7mDW1IS023V9sa0JM', 'LjaW1G1-mQRnXNfQVEFSgQn7efk', 'XzcT01rRiRfQ5JOTNOXnl9tOdS8', 'whxfP0IEjhmo6LVh85QfNYPsBRk', 'pV0E4BsHk9OutSF9KKXzqfaeMdI', 'DkrWIpXUnV6OwXI26_bD-rq0a18', 'u6oNb7xDpW4TRuMu-fXggjCw3rM', 'b9WIZvIxNfAyL65aA1oJi7V9DYs', 'ubPop4-84OzHK4XFH1uGulXJoAM', 'Q7kJWs1mJi8Sl2pA6UaC9gnu-q0', 'YYCY4Ux8I5dRa4hWNZ4HpjsfXO8', 'FCWgcaxQd9qyI5JWy1WKwFT5WlA', 'UKO7fK6DYJJUHP0wdrG_aFC9gkE', 'zX5bkj4ht3JImn4WwFGLPrhWD7I', 'W6lopeVgjHSn9ixlDL42RDLCg_Y', 'ibIoy0D1KtidyS6hswpw0ulXnQk', 'xNhS_dJLtH-oQFi8mb3e2ySkpPs', 'jOcHcAXRAjc43d6W9NClDOaBYdE', 'eOE9ltzYh7LvVxYA5S9QIoSABs0', 'yh7XGhXQx6KTHV5abTxIlO8su5E', 'yBl6QfjbInwyYEZY7eim92shlj4', 'TKAc4ldJoJ_mD_HH6uyLv_Zq-l0', '6o3lv04mwMG4ViRG9YUOlMPmNbA', 'q0NQV4SSvtK5mZIJHzRo1FyObDc', 'q7rrPE5mto5UV2K3LAfkMIvY3to', 'k2Otmw2yRF0Q-fVq8gNkJ0MLbxk', 'acHDE9Vqr9qkFDrlVOtAo2u0SSo', 'tWvmdlirFt_VjlRKJDIrUI021hs', 'oh4mkzH2iY7K47TAthVz7PkeS50', 'idr56BmNwmSEhVIsXqvasjwQZVk', 'aUQxSi0F-fBq0JHZQOvXQvbVvn4', 'aVLq2z7M_Zgt-bF_XezlI259gCQ', 'xHi6j-W9f-09zNl6bpRG3dMQD5M', 'cCIbftov-ZgKTmWMN8eXM2aaMU8', 'RLN5d5OY5cBAkLwOb56zr1p6mPc', '-IMWg0KLb0eVAKkOj5jnCTqoitQ', 'Tk7xm3k4dAOLAsn4tO2j7L-ajFc', 'kM0NUrKDd_XoLynE2O3l9WeNCyw', '5cD4nR8SjGSnBLkZp7QYTiMVryY', '2iLHew2tsgl9hE-N6lmz7-_VNTg', 'WDeVRu_R1_KBumRBpHGg3p7YJfE', 'TIbp0WXuFJVTwOiLmh434DqIggQ', '09e4_ua6XDz4W-5o3XpBTPycljg', 'VhmfI9ut6dQS_9W0GjT4pUf6bhE', 'BKwR5SqUugZN_g9lrsXJG_ignBE', 'rYfFuILXb_hdvDNt5lTEisZJdYg', 'xST3p1Fy1j8HMcoQzMRmNKhbohw', 'tacOiYMjDEnW0rBQhcFWHRpOAfo', 'ZT-cAIqwtmqjVzl_N-dLC7un5TE', 'r2Isz5LWrDAjB5vXuJ8eA7S2E8s', 'HV6ZAwQbnWQEEeOO2Uwiq24vyIM', 'ISYCvljH1l8diPQ6xkLdghEpqKw', 'xmjrd4CC3yLvmdxSdA05aSheUog', 'VQuBohtZhW11bfJsXFh2IN_w1U4', '8zWkbWxhhfUmuTRmfC9u9h9Lf78', 'OU8IQDwhfCZfIcTovye90mGaQlU', 'nDSYaVBagXlKLFIXw61LYgqAJUc', 'dbogttwJwZ3WoeB8X4vgFp_GIB0', 'M4Si0ihxKA6oupyM98oogcmv7NQ', 'uAqEDPidKlV9a4aR2aGMVLP0fZ4', 'BwbEWSEUWIie0zYKU1iW07c6g7s', 'spGK5nUYE69gOOI1-3f4Xb-U8Uk', 'ya4OePiIjpPe9Cyh0a54hewFW4o', 'AuQ8GmJ9g7M8KatUd-efugNZqRc', 'oJq0DggyiDX00vM5xE2vMDAxFD0', 'zkXN_TBviIuXx1mVqTP8tVEsqs4', 'vD-eJdc5UARchX53QXGkCz3jO8A', '-x5a4gJ2MJjHsLumdOcr21lJELA', '3kbMAk95EBsNb_qNM2kZ6qJH7b8', 'roM8RHmrfGVhT924RejH4lNkFG4', 'k7OTrb3LwViYBPEn5yr-a3vm7XM', 'XbuOInlUYl3r3j1_5llm564UqBc', 'MOIwgoWjSkl_D69yv3LPGHaqPW8', 'wLZE_4gv9HTtbYYMI-8Bi29-aps', 'LyhoWARC3ooqGzfPSlzUug7FFxA', 'Z1Y8Dz0gfkwhFlllsnZkIbih5ow', '3eNEgsJFYhPKL0IXowGNzMeBrwA', 'Z_Ut7Vd1lYpX8HwCE6EQ-ezYDjY', 'or3Xsc5-EC5DhRx-AwMQBquZurw', '6Pd2jSkg89yrqfwypd6rIPYwRXE', 'eVeVMIDM4lboMIjsVKd3BJ_fRCA', 'MCPf4GuLJouUyH0WuIDX9It4Vg0', '8vwyz8eeNBwtH-A6-SqqjJkyDhE', 'vFf78QkBtYq-WfYoMLgyEWV1YtU', 'H-kibUqvh3xlwQ1ibc2W-Ez_m5M', 'kvvwRN26owTmiDNCa1osnc2tb9Q', 'za8XNMx246NESr1go7O_3nOtLUc', 'uXO4hsWURLBmmpuzWoirTdUTaNI', 'mV6Jqj-afpy09LvjdEFHc6wUyh8', 'HSWj039C0ofGaCHwMXggVRlRf6c', 'ssoJgsC9THe8vFTjizMx6wGau_Q', 'ng5cnpryjAEDzVhIbkRKmw_8ovI', 'ypACVEzwu9MbxtW7otS8fjmIWeQ', 'COwBg0FmTaDbzXL8FzybSWCiI08', 'ZWIfDE8QGNDlsWVXqRflpdrw3rY', 'AtfVEnzyT_EaJM_cr-7rfR__1SQ', 'FmnnuoCbeH5O2V5fJBkrt-t-1Pg', 'OB15NP4cD-mzUH8wOCnvJ8v3kgA', '6I034U091t4LJrjtaj_Sy0ukA8Q', 'hHmnPR51kV5J_k0pF7PsoaM1-jQ', 'DXTmvBfXUCYKnrfQTeNL59VCDvc', 'VttjMHmYkGFfSL2w--OLZwz0zz8', 'vrREl7IX5e_3mhohoRuFXzrJg-I', 'hbRDBupxi8fvW8ZpL3x-dl4uFds', 'm1N8IMfBh9AAtfIOFJD3a1XfoV0', 'TYpUtfMQ2NuJRSqjuWxN06S7-L4', 'FmvRG89xVw_yqxSmLxBWc9kVhrE', 'U2LfAfJHFwuXrTyhWgsEvhirA_Q', 'CV2XuicLy49Jh7pl7YmAtyUHXW4', 'a02T63YxVtB14IcG0frel56CiLQ', 'iNScBjikdXkRwCa8FVpbpk6FvdM', 'XhV_0G433Ot03GNFWguK381taCo', 'gWbNbIv57ijQ9k0xH1l9YcoWWkE', 'XxiHBuVZ40k9-9BI6tVoMxo3nkk', 'PiTkRY-yQMp0TTuzrB6aitJjo-Q', 'VvzO3h4s0KVjcamN95KJCQkL3sE']"
125102149,"['z6azAFaZVD2_WcvH03ZOyCSxpio', '7DKMQSCD-Shuqpcakv-D9uVVGV4', 'mG75CPhr2IvF2ClMfJdBVeGLGeY', 'm1EP3g8fdOSbMyuFYErW_PKZdi4', '2GTzM8_jw8eN6bsjgXSC3fQiiGY', 'VQuBohtZhW11bfJsXFh2IN_w1U4', '6WVsIvLRUkkvZwgd3qcsjnFUikA', 'xmjrd4CC3yLvmdxSdA05aSheUog', 'qQr7JIYZ7mJfoa9aunW4ceQtgdE', 'VcnvjblkQx8WYoT7oyRQNtfxDhM', 'W6lopeVgjHSn9ixlDL42RDLCg_Y', '678LUgJGlbHseSeWWDpm0IYd_fA', '_8b2P-9KUJpzAhfoYGBt1OMaCYw', 'j2JXTO_PQljXcwsDlTci7gtRuBg', 'MOIwgoWjSkl_D69yv3LPGHaqPW8', '3NnLxCtmwEXsW2sh0kfuUloVwJc', 'UuUW0VaVeI2Dzp93kyBzxb-g6_8', 'ltk53Yu1Wn5BydiF-LbZSZ3S5C8', 'X7QxMpNWFLZsDufoBx9iCanAYPM', 'R52rL0UebKoVEnKgXsbXB3g70Do', 'ASZD7dCUuFktgkduU6WMi23dH5s', 'zqs_j-4cSt7CkJBn9Ix5SCTXW3Q', 'xO_IF-PKaRLU-IKGP_qtfDXuT9c', 'Rzgol-Yh5RiTt2HpOb0vM8p6fHw', 'zh5ln5PYUUz_PEtNzGdt7rfYYe0', '5cD4nR8SjGSnBLkZp7QYTiMVryY', 'wLZE_4gv9HTtbYYMI-8Bi29-aps', 'RqegOLwGnO6iOP4_8Yc_-h5NlWo', 'RkqDs0Qxb41qvcMlauH3AQx6HRA', 'jkaNchtzFYf8aeEeHVoidrWkec4', 'qe_yQAO1ZzUnbbID6sZWgT-U2cM', 'vxulrYTS-q3nionGN0RLgGGp3J4', 'bKT-xcQjvYAK_MnLcae-ogkEU2E', 'dIh-OUo-i_41xPzqnNI9UVzUIvI', 'UndnVXrKl0KCOoMYLl6cg7ls52s', '1DimQuCAuPXNo7vCfWBHwQ44K-w', 'Y8OjfH9CqVVWRRIft0iwsOLCZQM', 'aJ_J0VTyr0YS0YEz7Ji8QMqItBU', 'pFsL4wtUOsUc98XULsZicwCrXRY', 'PkfVj0cfWRBNUy2XwANFwi7CYd4', 'iL2soZmy3DRPFjzh6AnFG6j3khM', 'c0ZjQIiAzTz9gvtppN1EKPTE9I0', 'zVWmm9ETJeZOVFKbTSzNLOaQaeo', 'S3b1fPSoRErCdf4DSszN_VI6eos', 'CUmdUFAaGZz5Ne8nGqBLmBzwh6I', 'VvzO3h4s0KVjcamN95KJCQkL3sE', 'gyfclcgTfyQhPhT6iULZ0-9He9k', 'uGFysfmVAH6jAeUw8y3i6OEoRmQ', 'b9MFx88IKmMyOyBrtU5rH8OtvuI', 'YcFDMvgwe8C7o1VbiU8TLQ2Jz24', 'uGibNN7qDuxf0kBPuOOeZ8QsoDA', '9tVzpDuK2b2YLf96JVm6pbbDx6k', 'Dlz28uIo9dncZESz9R02T-UM7es', 'BxrvWvuNqEpGhNb-b6g2JHvmkMU', 'UOI5Vu3hFKiyEKH6xfezUume-3w', 'zdweQrU3CZ9PMtZnmxqCcah9eDQ', 'QBw-9vPatf7qMwjUbKAbD4_ZHPI', 'NJkHoUgU2EyLcVJ00bveuzR8zew', 'fGtUkScv8Hnp5FDnFQ7jmy5b9FM', 'KcQ6i6NDXovIWhvC6hkt_9Z0yIs', 'V6T_yvevlTveYc0Imyx2P2nRNSU', 'ZhZ7u27zgK1-uts0fXtD1gaE64A', 'Hsefx1Y9YQq-P7Df2t1abWK9AN4', 'b9syNDuePYWLqXmIYkS8ehPh6Ks', '0aCFQpnT8C9WNTLaKk7U4_U_y-w', '5EJLug0D2-caHbeaLV8eQYB69kM', 'LyPe1NFjVY8MJyR7i-lzDQUEOEM', '60EJMkujHI6aUt-bbaNweVa8HhE', 'qMyN1tTA_Gh3QimLFtzLfdtyAnA', 'sopQy_Rd7anRqOJD8dHADDhHB84', 'bIvIRXzHbARfeZ8PWcDgwXfEFZo', 'LfTbbCBTsVlLCcthidiYJ6w_GbQ', 'RRQTP9WDpOodabWCaoVn1_Iu30g', 'f_WCPVS5uQGIGUseIn4jSjaVL6g', 'uR2418TAZ5Ns7q2VLQl2lM7yjJY', 'rIlQXJiDvmgOCnNauFFX0A1YRvI', 'FYtZTK99SYbaXBOuC91o9MJGoTs', 'NkhVBfbWOScde6xyKHrHQ_NJgQI', 'C_hhGzCLgk92RBSEMXoBBfymXwc', 'tXmNFNXZfSXgEVIbLRHeuyah6WM', 'X0iuwPzLy8WW5C3ZXrwoeiKrySQ', 'P7sVSEqDcSuL6NPI4Lv-etVYOnU', 'ubPop4-84OzHK4XFH1uGulXJoAM', 'SoUvPq0fszpfqcYKTMFBbAgjWaU', 'U4htUNHf9gzdvXJnVYNLJnIjhSU', 'xKrM66yeQeOk2Vp4mWDytXlU4SQ', 'R9mWdw6D2TmwtOckm58jeIoviwI', '8kIZukcjdoRQWDWsucTMGKDiJ3Y', 'iQIgpNUBty2lBiDdjjJfbneN0tc', 'L-o9I3pj4qbWtk6sEYiJea1Ts7Q', '6oehY-Oz5DP411XH_BFWQHdWZX0', 'ywOOzdVvGhpAGG8S8iN3eBgzzno', 'HOzopRAegLry4oWdpXftU7tyziA', 'Pk3uvOLzT585GMtQC0NtGSKQhhQ', 'LPmj_y7VsCxhjFabsaGz_eOfqns', 'R2ugmVDsfwLop2un4taaOEuN-3g', '1jW4Pl194ILwQ0Ybq8G0FQId8c4', 'WPmB3UWzCAHqQBQ-YWwmlc0J2XE', 't_-_OIHO1Y0SArZ_meYmrUe4oEg', 'n-jmLyDNisc3xg9tW2VFzmQl23Y', 'cdqG8b9ZSSDefUPXR8rbo5hioXo', 'OV_rQMgX19odgd2QsE0xrIPcLn8', 'RCD2qEl6bUq2mlIJmsRDWDmzdBE', 'lyAw5ppedOeFXmVXt9rWOYidPkM']"
18630121,"['myT4fqdejsRfIbVFCWd-H3LkQ38', '7DKMQSCD-Shuqpcakv-D9uVVGV4', 'MCoVyePLrb1IOSeH12L-0-DznsI', 'fGxP4Dxa5vKn_v0wzKb3EyM_wtA', 'ET6VdpMWOONsY0UlMY8H66qmgcI', 'fXkgtQQ8o9dAxC_Ne7mkSmpQxzM', '9z7pHaNlK5_7vn3sp1zBcsuoE5o', '4yQiPexBxUTCXTiaHl8EUemT2bE', 'oEMp05IWevEuTv9TUdrEm2S-aF4', '50iV6F26Q7Y-BnqCR0MKrzAiOVI', 'VQuBohtZhW11bfJsXFh2IN_w1U4', 'vnB-d8jsUytLLNLVw8vz7kosP2I', 'nUOeiRtIMCwCKjdyrZn0CN1aVh0', 'yD-P5wYxfgDJZs45eIPi7chcegM', 'j2pxVM1mn86Lj34jSFHDPFqQek4', 'uR2418TAZ5Ns7q2VLQl2lM7yjJY', 'sPjV8hYN5tXUa9bUlA0WVMmeKtY', 'MzfpdokYmDBlCKP7qQjRnDbz-BQ', '434Vi4LSg62gWmTwAMp5ih11lBg', 'iVPdF_CSvLb-WYqUC7IyoMNyYto', 'aWMOogK5-A9YWQbHEfl2bPl6qww', '5DwV3jrI-i7fCdrI-fYf2U-kw-o', 'yixLkFzbF_rYesku-F3iu_6WmO8', '6hQEdFRHIW_yKLE-QgF7rzaab5k', 'M5IDgcQDI5zvkEdPc5atXuPLEK4', 'I_QsGkdagSkBgU9CTNgANeHz5J4', 'C_hhGzCLgk92RBSEMXoBBfymXwc', 'Xw4Idck074EcH57w1FpAbu-LLDA', 'YcFDMvgwe8C7o1VbiU8TLQ2Jz24', 'tXTLv0Su_XtpggZ7VRrb54bnFbk', 'ywOOzdVvGhpAGG8S8iN3eBgzzno', '4isEfswphg77klapi0lBiVYmjS8', 'ADwKyV-GqEuoh5bvvjlWIJq7t6I', 'b9WIZvIxNfAyL65aA1oJi7V9DYs', 'YgvOZoNhzy9KsOYJ0CLMgNxCNck', 'cD3NvS96IsMEv8HSnarkJzsaNIo', 'qk0U_ySrcmHtKV5XrTHyGuIHI9I', 'fxf9TF6QKaSrBTSsdi-n-FSuRrI', 'aqvvrdryEi0ZmVKhRb_EYxNc71Y', 'r2Isz5LWrDAjB5vXuJ8eA7S2E8s', 'S374gXs-r0a4_B2ri3_2Xis6WtA', 'vsbw9CqtzsRQVoR2IUUGIg8PtBE', 'iPvfQUhqNK__XW2vJiHluv4nT6E', 'uWjLUJCNfzmVge6qb8hTSBH0sdE', 'TgtCxi7rUT13CSnDTSxpHrhrQBM', 'LsuT2S7dzRU6GyZMRYzIN7ah11g', 'NzI46OPoSutTy6o6P8n6dOmXQyA', 'zJMlVIGCFjA8HxWqyNkNeaRWsLw', '6WVsIvLRUkkvZwgd3qcsjnFUikA', 'EeNDdjFY63YsDU4JKd6XfO_fO9U', 'Ab-VyDR5CVLu3xYfXVMBxfGP4n8', '9cJVg9Gj3gG1yYLeY6kcNUo6gwY', '7QjnoZoJe5Xubd0OKRKkq7UWjUI', 'uDD5WJQxMJKzdBeJiFwmyYbhCRU', 'nDSYaVBagXlKLFIXw61LYgqAJUc', 'RGHyjNVWq718XyK-BQZAz8IokgY', 'bIvIRXzHbARfeZ8PWcDgwXfEFZo', '2RRFfOv0cVG3cafJ1IRAExNmXfg', 'qjWo5KELRd1VVCyBkfpFZqs7liw', 'vwh_S3LL1B1ABVX7G9A9jDWFlFA', '0ZJDqQl0nlexC_Es7_CWF7hkk1o', 'uBnf6ky6IjKfjf9Scxyih0EgSL0', 'Gsk4BMe0i8POLfrn_zi0PT5IvlQ', 'lyAw5ppedOeFXmVXt9rWOYidPkM', 'gyfclcgTfyQhPhT6iULZ0-9He9k', 'O-sJRr1lXoLnsaYHpKbaBx_e2Do', 'fTJRxNgO-6tQHVk4HAm4PqsfYUA', 'gOPjF1SmedUScZEYTxanZ0T_O5s', 'QH6DyNQQR4P_avDoYw8SZFt0kOg']"
39462571,"['RhrU52U-SYalRyRjHLX8LZ66dy0', 'b9WIZvIxNfAyL65aA1oJi7V9DYs', '3hDvpa_PETI7EjV8e35rEn0cf2A', 'Awj4VLES-8nz66OEA1FexmFNUDg', 'VOU9MMYdK9l6Dp5GtdPk9s__BJ0', 'YEFwuiR8wMFrUDU_n3WjYLx_6CY', 'y88gs4SiORQe3fsHPE26EDt5-qo', 'A--7ARnhGF-J3uq2F3T4fXsenu8', 'q7rrPE5mto5UV2K3LAfkMIvY3to', 'mRKTxD6nT6KnNCS5P83OJcap-6Q', 'TJFUX2741gjxW3_Sz-xtuy0aEIY', 'u6oNb7xDpW4TRuMu-fXggjCw3rM', 'KY1aU1vcmr0DvU4cp6vgRkBft6I', 'YBc2ihF5Zzc4qIUjzUqbZkMNmZM', 'PR8MvKeoCbiA1Ld_p_dyo9crfK4', 'Eig2wV_selmbWuDehvEsbB0E0Us', 'Q3HTvG6cn0aOkDcZboyWjNBlvAQ', 'Pf5MD7_K1s6fTRiGs3sDHXoGc4s', 'hiqmurvgVaRXMgporqpuax3Nk2o', 'jpQFu1j86zb_BPbmzXlvY7MGpZg', 'zXwzmJk_bU16wxl4OBTSlnqeVaw', 'fGtUkScv8Hnp5FDnFQ7jmy5b9FM', 'nDSYaVBagXlKLFIXw61LYgqAJUc', 'dlZpEN_eTw1GWyneGBDmj1kcveY', '5Lgb5l1_ziDkTaiBr2MlIC-PR3o', 'yD-P5wYxfgDJZs45eIPi7chcegM', 'njIIxKuYnqiWkFLhikBO8nScbHc', '19CCMQAShzVCWm7_7NmB6qXwatw', 'VQuBohtZhW11bfJsXFh2IN_w1U4', 'SizDWUuNe-VuLqiPQN_GW6_Btt4', 'Rzgol-Yh5RiTt2HpOb0vM8p6fHw', 'CCuuoNY188gGya7WBRIXbwlC4Uk', 'ozUrx0tVLYVwEq8eRBsr7YOQaBU', 'sIJw410DxRlSUQwPuPjb16aO0lE', '6WVsIvLRUkkvZwgd3qcsjnFUikA', '42u7ozXkAFn9NjMaSb5xudL85L0', 'hfULjPpk7VOJzFCMiMMOYVIwIGw', 'UWFfzE7-WvhBUfuwf5PG13llnls', 'FZc4fofz3V8WaDD8x7KR6Qlh1VU', 'fMaquD5t1l93s9mfcB9XFiMAvP8', 'YOtFm1gXdinzhog4WDnb535YJJs', 'E2J18FsmEG1YnV_JbTF014A-mUc', '0BjP6uhFZIhlL7FJTpiXpXqtdbc', 'Wb52xeCwyav08Adh6L2U81gmG1U', 'ovQm6splxWG8mXdI1LCy9u27dZM', 'QztjAWGfEahzdaM3Ei2NWMfyGeA', '7DKMQSCD-Shuqpcakv-D9uVVGV4', 'jbqghfWLebjztcrIdJlvKUgJkCs', 'Gwx-giDzE5cTNZqu26vDMElxXE4', 'U9NgY5MNlFxhY_u_qmqqFcglINw', 'yqxxy8xI2JZCz2v7NArTYPQq3i4', 'Vu6x8-c7qILrzRJpv7e1rVGXIAE', 'ZRSBIZkCJQeR88cBAv-iDrUgSm0', 'g-XDUdYuWkYzPVlWMAN9lTjccHM', 'r-h5IAb0J4ZxAXTIOe-Bq3gb5uM', 'EWqpei1NnqpOoUHMEeMA4BuKifk', '_s-rJs5RsL4eXsiZwy-NX1RCCpU', 'a7AVOUNj2C8zuTvJ79Qv4eTnzk4', '9aqdd10Pe5KSMLEPJYzF48G8Yak', 'jSklVUUzWEY5RUxTg-QvFX1Omeg', 'o8yAzch2lj56P9T9_FeRFUuPeic', '6VNqH8j22avyWkywhXFQRfgHi6I', 'ithSQcx5lRO0bxYsQiV6M3bgR5c', 'GO2jJn_Rn0tuyX-FIPgI8evjABs', 'uR2418TAZ5Ns7q2VLQl2lM7yjJY', 'rgubL9fCQ9J3UcvZcV_Toa_Mp_8', 'UA9TAESyR2_ezYTZo0qCNUy-1b0', 'F9r2fopSqGLAW-nWITHvUeLuEHc', 'WeHErdJN4JCinP6BDsuvtUV1m9U', '4gFHwvzH3Tr3Cb9PKH4ZzOyV6I8', 'gcRVa0NURw0lOVquv2mYJ8SNtfk', 'wgkHAHO-3vvY5_L9O8BcVHIF8Os', 'nw9m6erueaV1djOLzU9NECdCrTU', 'LO6Vtb6FufHk6IKC4KGTxQUJwxA', '6gKCS9QdReemnnmhOhn60Cxd3Kk', 'AlW9t8hyw3ZQ6SN6BYvxBErT1UA', 'utkLTOpmYogL3GHZtwOtU0IDGqA', 'PhrpAR-EwTP86pRhmDodsZ52jYk', 'ZfwdT-ou04bKAvlAT0jt3hdkPvM', 'YnsoStxUtkbclgmKzG9Gx-Df7vA', 'GS7u5dUYgDhE4sTEE9n0ynSvmas', 'skhKBEIlBHX2aatiWKT_z4tBMBI', 'xKrM66yeQeOk2Vp4mWDytXlU4SQ', 'FOLmt2Nv3SYxZ7LKnEMGBMQSPjo']"
