user_id,unique_uploader_name
wZ3vBiolwyq3nGnMynJzray2l9I,['16926538']
CAtmCnqrzGpXnUcuQZajL45-gmY,['16926538']
cEqrZ3zukmTfxXal6MBd-ZG3VRU,['16926538']
_W0h7Q7UpmJD4sUBz6B84gOh8i0,['16926538']
IFNbYaGgF-sVQB5suQJKwwSen8k,['16926538']
gbek2o4ywEYeDqP942duJeot3a8,['16926538']
8Y_2nb-hrAkZn2DYeEBc6fre8UI,['16926538']
Pcqwb8MPM_wObwV_sBrVIGxNfmc,['16926538']
kqUuXYopUU6UbzRCkPBAa-JJ2zM,['16926538']
QXJbVENW920HRvd22TfJIoa9p1o,['16926538']
taqXqBvEqOe0qoI1AuGYNg7z4_E,['16926538']
5ECds3nFvu6J1uJO60cWonzTb3U,['16926538']
m79Qx-tYyGmISXDYWFogCyY_z4A,['16926538']
IhRs_peiD97P8AMlWhA7S92j7mw,['16926538']
NHsRUb6CUPB4tqVsdMIV5Qp5AG4,['16926538']
q4a1jykGqu6z9kjdAZ5huKwWdt8,['16926538']
BcH9Ph24qOjOMxw22LmqHJYoiLA,['16926538']
HjwkPU-A7GKV0KC2L3esnzEgEao,['16926538']
7IM4eHKyb_UDmDIsE0aP2_QDIKw,['16926538']
QqzM_CChtkUjvhdcYnirOyS9TEA,['16926538']
HdDBvennIxOL_YSV_zrGuzENKrw,['5457748']
qvUgc_W1GWjxpdB8bK2j2aKGQbY,['5457748']
plsRZbsF4bL9m9uotubOo1bkTVQ,['5457748']
48I1MSh9-ZBeR1HC2NgUdj-cj1Y,['5457748']
_yAVgd4jTPgKoX5wJ2DG8JNQFPY,['5457748']
uBPPgibM7GmUybxXL2p3wTJ5rAM,['5457748']
3o14gV7G_TmTvcAV6yWvomq6TTI,['5457748']
f1TrBAu2zVucQtUjQMvuCUewyyI,['5457748']
E2-fgY5Y-4CTwaY1TyZiwbxD5OU,['5457748']
78EhXik0-oQ_OcHSXltcNu6J_Bs,['5457748']
eLejJXCp1LcpxfVCEtDIxYWO9WM,['5457748']
OEsEGJnmKSeJ2B1LjNbO3Z-W1c0,['5457748']
hf6bEwhkS4slKSd4YmFHzeaxMoo,['5457748']
9ZuSA78xxUtRt2GWvpDEL898b6Q,['5457748']
drksw-mCqoH-wb-isKs1U0B6VHY,['5457748']
UJt_JjquoupKVbw5P8NmcrYMgSk,['5457748']
wz9Coe9Uk6c9dWva5wsAPCPymPQ,['5457748']
_e_6QohPLaJ0ZjMG8-BVeod_Y4Y,['5457748']
Duawx-TqoX6hbBFuAuQigqqMlEE,['5457748']
Pyb_9fYT-wTI_RpuPaZM5WBWOB4,['5457748']
RB3auwDW9k5JvRqZ7P-hmB50uaY,['5457748']
MQaMfIWUd2tQdy4dlU99gdZ0tlU,['5457748']
0CvXtqeWh-Ui1U75_BbBAyLuxRA,['5457748']
hZMiAc-DGhefQx4EUf5afP17UNc,['5457748']
YFY_6cUBOTX_Z8VC-n6u05IM0Ms,['5457748']
Goezw2605D4Ue5mdLKLwgbuy-lY,['5457748']
Coj9MAY-HauLC_C3aMMnrPIYnCQ,['5457748']
GWuy_-Y8lRYmGZhFqU3TTzjNWCg,['5457748']
yIcdMQ3Sn3ug2KQ7EYxBpOusR70,['5457748']
ENh6e-LTK0Za6y1SSt9amRIuwJ4,['5457748']
eK3QQuNUP8sG2jpN_4lyhJXJRIw,['5457748']
erNZ3xySSp-fTCVKefgcUXllAr4,['5457748']
ECs1maK9CRmWKKeR_NV12wCHpaQ,['5457748']
NC6I4u2BIC4qCHMwY6g4qRfyOmc,['5457748']
mcdWB_xiIy71CuHXQyh7yDxNuI4,['5457748']
HQm4Exb6nbYA6t0xR43xUuQGfAA,['5457748']
qfM6wzlXForV53XMUndFdIbxrsc,['5457748']
SjdXYENLNxlFV-LAq0w4RTtqd38,['5457748']
Wjxf46T658sUF3-hP3NVwWcmIhs,['5457748']
B0sPAPywzC9kfWWXwZ1z3y6z7ck,['5457748']
wnLHNZtNiya_cz-qqFL8fCb0CXE,['5457748']
QV9qMmebykzj3movJshgZ34qkAg,['5457748']
EFWva8P3A3ryDTbmLxJCs-E1oGM,['5457748']
E21IFdtVVNge1NI1eEYMph58rbg,['5457748']
8PNXtKgxCM3aRSZYo2U80b8N3Ec,['5457748']
tFCFbpOAgSMalyVtPKsRtcIrHUs,['5457748']
ZfaicR_WQ1S5QrXam-1Ks5m-xNo,['5457748']
fE8j2j-MSelwH7tciy8FBtOwSdw,['5457748']
tsIL9EeTNtu9r_uQTgxOZt_EyBc,['5457748']
QrF9PxsV1tV0OQ4QUNW0jCIZjFE,['5457748']
5dYVbhjqUKHpHpcvaO-DuwLkDbo,['5457748']
zNU4sAQsrVAZ-2-TFAEiaqn69-s,['5457748']
sljZ9mHH_lJIxrKMV0uw2ftqHx0,['5457748']
jWAC9-X0z1mcrHH4_GyJ6vj3GF4,['5457748']
73gukneUsTxGjGzhegGtXPo1wNs,['5457748']
mqCQ0D5wziLnfAJNrQHYWHANyHM,['5457748']
Bbrpkg-9DRdJo9JpQZfPi1DgSWs,['5457748']
MnGHsLkvplyhF1AqSdsvF-f_jNo,['5457748']
M5LmVjNxZ50wwVJCvS8yGBV6XkU,['5457748']
_n0kO2XeB1lp-pXAbEdnuXIna6E,['5457748']
waVWMTl9zq3mNstvKDgRscQqgaI,['5457748']
zX-XTIBLTAczDvL3NYDyidxgy3Q,['5457748']
K9OANd6ZIM5VncA0M6BguI2lEW0,['5457748']
7W6QmlUFFn_9co-5Em4p4PMkYbI,['5457748']
ntfNd2RQmnI7pIqHYg22RfmRJ9Y,['5457748']
pOvvrtMQPCAJMpKq8-ndf3DAwz0,['5457748']
HM3Zd00d6grzKSfVzTRilSHq300,['5457748']
ZxL21MRwtojODMKL5UdR7Xzo_wU,['5457748']
M82P-BBWlQ37XIK4GIsbC_EUPvc,['5457748']
BqsUe9W8M6-r5h8TJ-6suJx0mOk,['5457748']
Mqr2tER4qpLRX_N2Wfu_Gny9-ro,['5457748']
DXcAKQbeK5rx63EH3aPr7wNinfs,['5457748']
38CS_n8IO80qNfmonJ07rrPfYoY,['5457748']
J_xeMl5-3pvNhO8EfoTHclcdkzA,['5457748']
JBkcW9QOFdZdf3WPaq4qX6u0KUU,['5457748']
aSqg5Y0JvJwFfcyiQKR3EAp5Fc8,['5457748']
IBlyDWKaffF1cXEx6GfUf-cKHtE,['5457748']
75GBptIjGfLWWjpiayVlGzWFsuc,['5457748']
GyNcfARjXCP283sOkh2IVvpfmdo,['5457748']
oA5RP_ySMNyrLvQTr_ZNoGT82TU,['5457748']
Vm3WyOm5dbrCmjNZKhz42AJ0mdg,['5457748']
er5CTANG9bEe-yziqVveqeIBWUU,['5457748']
3SgZ0vEIp4O9u5luTQm-jqJlgSk,['5457748']
XiTf6RPsfsGHmW9hJCDKEwguZG0,['5457748']
eY5WNvfm5k-H7kZx1uPGCvzzzCQ,['5457748']
jz_rT9_UCk1ee0-x-iymaRz8kU0,['5457748']
419WzwmOjIuKkYhMglKHuWZPRJM,['5457748']
DuKhwWEhWt_OORAXV5IghKrK2c8,['5457748']
6gkiKmRk_gV8A4EKaWPBtLmFBC8,['5457748']
XxiAgD9E3HRmhGeR4Q9Ty89dlxU,['5457748']
mfEDe8UseuOwPxi8rosyWuVaup4,['5457748']
jz7APdozwKS0u1KUFNfuWs7K6tM,['5457748']
R7sXHfbE9KHrRqPy0-dVPL78Vfk,['5457748']
ywEUnkcTH_1jpF4bwBcoPUsnpl8,['5457748']
-m8rNV_GVIing5AM1HSfXE8CERM,['5457748']
G-b-WkxCCAchG-NBbieZFNRP6Mo,['5457748']
bqygjnHF-29_6Ow8uNPA5GIbEzg,['5457748']
9VtN4GPjjqfI_yktwnoBhHXXCPc,['5457748']
IgjV1xprWL56eFEGbOT5xKaVeEA,['5457748']
tVvzGLSqZwNOwBmzYSj_3NLiYHQ,['5457748']
19zCJLbI1nUduqRF_ctZOpt7PpA,['5457748']
2F_DIcCEVNyDZ_FtGBwpsFmtGtQ,['5457748']
upOP-OXhQtfKtpGF6fHvXZZv_eQ,['5457748']
qdSaKo14hYcBbwNMojWjebyPWrc,['5457748']
XEo3_aGwffVUY6AUw1n29-H5n-c,['5457748']
wZGbErg6hUXhlZAdpSttESYY79g,['5457748']
kLnRbhlLYkE3xYsVSpHwmSqdN88,['5457748']
CkJL6UyfaBclWhFoYxfwf2xC1PM,['5457748']
4_AKymFq8F4R_Y2OfIwwslPehGU,['5457748']
_R-4zFlABy12ESGcppx8ojuPwRU,['5457748']
zU9DJbKzK4i9Gik-Q3WJ16pY-yY,['5457748']
UXenS4kHetkvGJny3wSyXsoH1nE,['5457748']
9Up7AoMoUkCOigtCFOIaQMqIHgQ,['5457748']
6sYhKksxQ9iRSRPs0rGg6_Div1g,['5457748']
7cZs9W0fwW5aWmQ0hl-cH0FSc_M,['5457748']
snvN9IqZj7fvaB3MzjlbgVd4SjM,['5457748']
zM8EtrIatQDmPegDkNnVPeHB6fg,['5457748']
duRAPw2UgmlYQgsI6MEOD99wj9w,['5457748']
xM886Dfcp_9BsdRbQnrtwB7vjmg,['5457748']
Q6IpaeWXI0PTFWbAgyKxtYsvlRk,['5457748']
iNScBjikdXkRwCa8FVpbpk6FvdM,"['5457748', '118912850']"
9GKQHuwtMmoOcXa8tzz05-fDnC8,['5457748']
Z6reQKmPFUb4tHsGLajXa3Lgxl4,['5457748']
z3maWnijikVLbr7hwlYv-qyhJKk,['5457748']
MqlbiIMcEDSNX2ZuJVpY814XZ2s,['5457748']
952kfBshrlT5mta9JaJYVx7oaTg,['5457748']
UW4mj_BeavBMAlnZipvE11J5OLY,['5457748']
uUbf-raebAxICi9sEjfIP6klPek,['5457748']
vFhq3mxRNft2Qo8fkkLt0st_kIQ,['5457748']
qftqldj_IhZhUdWQzxX8pCIa6yo,['5457748']
OEKTENuvuzagZo_a9yyVtkh-nEk,['5457748']
uAOow86NBzgD0uzKaq9KEqQZJ4s,['5457748']
rhPCov82BOtGypK5mBr1DgFkBI0,['5457748']
ZaNIwcvfbej2qTOYmBkZY0I8o38,['5457748']
XVC_SFjILW-jPaVR_evOKs8Mx2A,['5457748']
fPy4Dxn6lBY4YX0SF7QRjlTOfO8,['5457748']
IGJrhH8LrMU71u6a9UR-xOj9IHA,['5457748']
JCQIGY1z7b97TwcUM2CAymJ4IVI,['5457748']
c_lO19ZOldpnyd007Zn7AETXtVc,['5457748']
6z-89RGpZ90XM0Kk7gmeLTK_Gsc,['5457748']
aJ_J0VTyr0YS0YEz7Ji8QMqItBU,"['5457748', '125102149']"
CIL1Zy5_wbF53kFgm_KCXVfi088,['5457748']
4isEfswphg77klapi0lBiVYmjS8,"['17408518', '90869956', '18630121', '5457748', '118912850']"
KP80WxD_0hN_79_ieDkss5OM5GE,['5457748']
Vzv5xWYlsQAXFhzW4cbkwa6DUU0,['5457748']
WVTHsACUi5f-Qtv_XuYoLHaF1bk,['5457748']
Eug8OCzD4Vqwc_m9k_TBgyhEejw,['5457748']
U8Nm7HznuZiesQ51SMtQWQLBpT8,['5457748']
_FV7Oq5838k3f0HwX75hrZveY8A,['5457748']
VaWJ7rWfAdHOdEvsFKRtW6-D3iw,['5457748']
Yu1BXSsZPIrodhiblh1q9MhhQDM,['5457748']
4cvrv0x8I7Qmrl6LECZZs10mAd0,['5457748']
VZBDCKPQFfX99v2ymaXmqxI8tJI,['5457748']
CkIh4QEe5yf-g7GOtK9bqCh997I,['5457748']
E10bGtViVvk-2BW6g9Hrw6Qx2s4,['5457748']
LwwUKJQ2nhFmRfUiX8u_sWfv0k0,['5457748']
801EezaDWmgVC4ojuwG3ZR34CIU,['5457748']
RjKys0aluH9bSA_L8-Jso-10vWw,['5457748']
gxRHkQa7Z34tnwYQJCoG-pZ7kuc,['5457748']
EnhHzeL211a1FPn3L9gRvycdFZM,['5457748']
KNSZ-itQIiiPg32LCIKInzrntt4,['5457748']
O6uWetiI_tfNcRtND8Yn0MyJzg0,['5457748']
9fJsaUC3qxd9r6UL_tI_AuDLDQk,['5457748']
cGb9eccH-wD5D8knihi22tt_f4k,['5457748']
N7qq0NmlVn27FT3CwL8HiEa-TGI,['5457748']
SaiOjhObfV6_Xbg3uYHLHa3MVso,['5457748']
VsRkPgTNZh3_6zK0XaIfjfMn4gE,['5457748']
eaoIKhazCJzjdNpBWOVBaShEWn0,['5457748']
6f4i5h9rPncl6g16lm5o-X4KrVM,['5457748']
7-dT-pssH_9zYPryE74doDer9Dg,['5457748']
H4J821nzPN4816wd7kHIUoL0vd4,['5457748']
rmvtq71zzHACkbgVOl76Ghrouqk,['5457748']
QeBGrfzk6gJvdU40M82ECE8Qulo,['5457748']
tpOGFdCxCL7sc7cmOETSuGkHZPU,['5457748']
WY915iJ6UcS2b808A1mJPU_AO9M,['5457748']
yqcv19k6AA0eZ5vS6yd8Xx9VXAQ,['5457748']
1ThVjp4vBCs392ctFRU5CcPVUQk,['5457748']
dgYK-kFXGrxf0OS4Let-RH4QH7Q,['5457748']
Q3HTvG6cn0aOkDcZboyWjNBlvAQ,"['5457748', '39462571']"
IK88_5mmSvdeL0-nR2M7iQ7dU_E,['5457748']
J__t71wpWdQyBEKqRW3bPPqG0pU,['5457748']
EehzeV0_Wl-08IGKAzcbDbIyj78,['5457748']
0ONM4oqgdkU3vKOuOsess0iYlOo,['5457748']
5v9U5jCHfhppL80yNjcjc9heIFM,['5457748']
t5GFA7dTz3tYYsvgON36Zp4HmwQ,['5457748']
f4TVrb_GafnhrVUAIGf04hopbzw,['5457748']
Ivm_1HCZmDtRXWR9KsnFuLY3qKw,['5457748']
KnxFN_ZTF_fHSA1FTHioZISq8_8,['5457748']
sFoznogAcGUrD76-VWG0qmw8fBI,['5457748']
aTUcCjkaLW1z05LOOnRlAQqHXxc,['5457748']
MAcjh3ywEWskKSpPc14GedmuqXY,['5457748']
gH2PEGQFkxkiWlrRc-g68zqyy5E,['5457748']
9UD-bK3jJN6PQgXpkUXS8I-pf7M,['5457748']
za55qb3N8ZM7nPv-4LhMykizoeI,['5457748']
OSTZ6ji8-wUeUUL81mRiXK4uWso,['5457748']
KYZPOHMbhwi5f4H0iYfQKdafZd8,['5457748']
KjuGpOhsEeS_g0_uhSs71A7p9Ck,['5457748']
9PQCuwnryGYRrOzEexBFEXsJ93c,['5457748']
K3xm2vYbSc9UWPLVfsToqyodX0I,['5457748']
yk3JkRvlR0K94wQGvVMq-zGU0LQ,['5457748']
O_4I6GZy44nmi9lsVGIkgLjYg1E,['5457748']
UurVxRNrASs7d-zzSfMfhWiLxSs,['5457748']
VzJHPISI13PxlP8AOKCwjLSYmEE,['5457748']
yPmFfa7sGpO352AjHIbHZiP_uD8,['5457748']
m6d8m-F1Rc2p-Ag-a-SJIs3Q32Y,['5457748']
wU3782gWwZ16h6cs-ZaIYPkfoGE,['5457748']
17vJlJ0tKHVU71LwRVhKO5QFBDE,['5457748']
A7AqOwtiIXyPOqKR2CUBVYpx3jI,['5457748']
1FQrhlSUs7Xay0OMceOdwM9sKmk,['5457748']
IhhaJ7DF9CXsp3Z0WYkt28xqh7M,['5457748']
Z-ezBJDVAEu5HG9TUOtJI2hdKDs,['5457748']
FIhmVcMUFguu6edzyhJeUvQTYBY,['5457748']
Y94Q-_geEV_cCRieM7-rEhxP_UI,['5457748']
PRfaQbyYAnHyCJhlAjoCq0Qt3KY,['5457748']
D_S973QRN2gf6-c8VVknV_etpzA,['5457748']
tEaFDQ-U9T_jLOSAmr7Vdua-z3Y,['5457748']
ue7Qf0RzWutICqC5LlW7omFjK_Y,['5457748']
NCOzT-Tj-4OoPkRXBnHLonvuh0M,['5457748']
pzcS_n9M3vtPFvxbFImXGIuX-T4,['5457748']
WHh5N7pGbM5qu7dishNCM__cy1A,['5457748']
LKXRCeQ2__33PWYF8IbKnMA2dhg,['5457748']
UhFJhYbXaHQ8zqWr32oRBKQ2bUQ,['5457748']
gjMp3zQQ8YEyfstYjx13kW30b60,['5457748']
yzhT7oM4uIXAoZ7S2zX1-DqhNSE,['5457748']
wgkHAHO-3vvY5_L9O8BcVHIF8Os,"['5457748', '118912850', '39462571']"
msq1NfjLVeMXJELVaa7QhDY5u74,['5457748']
7R8VUkGIGHqz3QLJHMRdWs6Mio8,['5457748']
_kblGAaDkT2rYMc4VAI0JhIntds,['5457748']
bKnTM4Hpgb2TBcBvc_oKO09HySk,['5457748']
SAYL6ZImV4a649OT1QINyG7qapM,['5457748']
-e1RXPbueHuTbIyGCSXYREdLWKM,['5457748']
0gmxsuI98zHZKYey8zFQSu5G-Ok,['5457748']
Hsefx1Y9YQq-P7Df2t1abWK9AN4,"['5457748', '125102149', '118912850']"
Pkmy9tEXWwQECYlIOcWPn8g51i0,['5457748']
pagdUue3UbubsSA9Q-BS3R5OM8w,['5457748']
ODOKzMjOtBz2veTRduUyU3M782c,['5457748']
1fwUsmygw3pvNgLBDhTSlzK3yEw,['5457748']
CSQnPqhw0W-2-VJ8WuOa4F1KVpc,['5457748']
u3T_05kJ7Ks1DAzxXtd9UkVcY8U,['5457748']
SB3Adxye6eENo_LkGbe2CiD3_kA,['5457748']
tXDAHPviAhc0bDuX9y8E5Dfen5k,['5457748']
NTE6poAGBoOas-qjG2EeQscaub4,['5457748']
ZR3aFyfpUaGHojKRpeHB7HESVJo,['5457748']
z3L8eEL4lIz7sVmUCwI7rJE88WM,['5457748']
nTGduIK9L2iMcAxjvzSD5t0O1JY,['5457748']
aCJGzZejo2NqT65LfOLOOxz5WUc,['5457748']
WeVseB-dChFkaGnUJya9KjaCvFc,['5457748']
MOIwgoWjSkl_D69yv3LPGHaqPW8,"['17408518', '122467986', '5457748', '125102149', '118912850']"
unNis8P9UFQd9hqeOSAHaiiMqZ8,['5457748']
fFiJh71FhJWnvKScse1UiT4kFuk,['5457748']
lfbteAW7iUhN4o-shtYdjgvEFM4,['5457748']
ucu1X6hUd3Z7AFi-ld8CEniYHsc,['5457748']
S4nnh1xz3-ticGsmTfgCmtxVX6A,['5457748']
rYXpkQtbvA4fuRoZVndeyW4cNoc,['5457748']
e8n0S472VdC2w8ONldlBG63CjJA,['5457748']
fuQsMFwNW5qxVoja-l_r5EGGrwU,['5457748']
SaOipvZjBLCDFdMi9rLCakA667A,['5457748']
y_UbuYiHwyVp-bWSgmLU20RUbgI,['5457748']
T5iJdd9azpUuqSGGr8ecPHhfGn4,['5457748']
jo5HxrPCtSwnf9zoPZSrEFyM_3Y,['5457748']
peEx0gYPIESA-JYhkBWpwvhxECU,['5457748']
K6knHUgvLyAbHaYgnxpsyTyXnlE,['5457748']
jYz1kqdWS2SnTnLkHcCCEhZusks,['5457748']
75Y1v8Oke4uoB-htgx3XaTlVjXg,['5457748']
qENTTqJf9jR3vG8ZjNBAo7dWP88,['5457748']
rDAx9MrwUS_8csX6NR-GDe7mZWI,['5457748']
K0iIm3aov1U9UeRr2K4X3hbOses,['5457748']
fuFWsunE1d04s3-ahH3TMml3jVY,['5457748']
jacLUdyozK3FyjgqAG_J_3kEseY,['5457748']
K22Ff1fCJ2L1adkotB5wRx50rIU,['5457748']
JzKw57RdNDQoc0uJmSviapeDnjk,['5457748']
ozuTABXGjT_6f5wXtLjP09MNBQQ,['5457748']
mSVYxidtRL9y2LfRBF-Fsp8JjNY,['5457748']
yvTVkddrRjS1wSg_hLgaJa-zF8A,['5457748']
i-9HrgTlAqJJE0l0DfQZ-EEwQiA,['5457748']
hd6VgXBZeFzMeNWS-pBJHdB70dw,['5457748']
nFh4YrqA4MmIXihdLD_ujBqz8zc,['5457748']
Af7dNVmdJBRQvptw6T-cjv2je34,['5457748']
gsiXdK65RznRwBO4VY4yQcB1ATI,['5457748']
Zq7vOgqbxgl8bDnZX7DBOlIPWy0,['5457748']
8H7bW-LmlotvgfGxqRFXuj26rdo,['5457748']
_8b2P-9KUJpzAhfoYGBt1OMaCYw,"['5457748', '125102149', '122467986']"
jPheDSxRaUZpBasTKoSdposOGGA,['5457748']
dpFJRnzBhxlZyw1vk9fEkykn6AA,['5457748']
SUj2TiewGuxSX-sO0ixdiL-no2I,['5457748']
rpG9SHZfdOTRoKWDdeQzSRMbHzI,['5457748']
jdNjWeAfUpWTKY-ENXMZaOj2C48,['5457748']
_bpiRcdPpeYJRTkdB8-FbuHqkb0,['5457748']
NT140evxJhb9rEaZOYxqNm0f0A8,['5457748']
EwC8OvzO-aaKntPVwEpvyHMT-Dg,['5457748']
QBy9dsO29rTmNPQiAlqujni_v80,['5457748']
4yWvMAqcnnEUnN9bag8DPtTY7B8,['5457748']
HsMdvoIt-qeVacLkzvbeAJ_c3CY,['5457748']
17mzBasoQS3O3icxv_CIsI3g9Co,['5457748']
ueT5Tn-4_lthO18ifuUyUqOSMyA,['5457748']
AL7g6Un6PKj82Xt9EAJk9TeRAXI,['5457748']
gZhfKRruTiEBqYWrOJyd5zB7F74,['5457748']
HMWniBDDv2I6ydpr5jD0VRMmLRU,['5457748']
EH6XmACw8daonzslpq0F6ZNSyJQ,['5457748']
0T9wjsCDgnpAe8hvQhF0nY22weI,['5457748']
ULJvn3HcSHXDvrTmfQoZN4gmN5M,['5457748']
2A_QqUlfGBu5ClpwHpDGpKZh3w4,['5457748']
GDIa2vON5f5K6e-fK0-UIedsoNw,['5457748']
ySWSo_kfPhl7l6NRPuM34-z0rgo,['5457748']
QYcs6830G_rx7FwQyQrv27SgpOo,['5457748']
QiiZYnDTaoR3IenWtNOLh-sNFoE,['5457748']
NwXyjbGzSKFx45wE-zFt8mOthjs,['5457748']
qslqzhtijgkjQDhfvCZk6zO4kBM,['5457748']
Bufnh3k_w2lIK6McEAsz-IXfjCA,['5457748']
Vrt850Di8aDtbcnC4KsrF-K7mLw,['5457748']
GJy3-h-zQJkJKX5OSfEB4uFuMtY,['5457748']
HIQfePlylO-0LaU0wG5mPEoJSyM,['5457748']
gTr0lXJEL-zdoJZ6QdWMQFfKJBQ,['5457748']
TWQO2IBG3W1go0yurDnL-acRHxU,['5457748']
VJsSfGxb_9pUHs0xjG_uYF2TSh8,['5457748']
gQiTSVsqXw-hBAKraJ5FwgTUrbA,['5457748']
k_jrU6yHXKR1hPTkmM80mQ0yiaI,['5457748']
NgHz9r5xVV2g3IA9Qc0EmBappek,['5457748']
U4htUNHf9gzdvXJnVYNLJnIjhSU,"['5457748', '125102149', '17408518']"
Ync3xxNttEGt8_0KliBnRY0ATs0,['5457748']
ptrf1Gdd--mZTTYx1zDxr0rv_Ho,['5457748']
041Xvh6vX-Zw88srI6deXj_23T0,['5457748']
L0_jw7TSdU3IxWW9CzhVD6WsTxI,['5457748']
T-Ht3a4yi7hb5ebtml9NfGyWIMI,['5457748']
elVk7ubFUEE2s7pltrU0cMeQ8zM,['5457748']
nxcxEK7Xi6_DrajRi1RzElS-SqI,['5457748']
vBPFyv16Pkutu9eHWvFkLve3uBs,['5457748']
zBo1FznoGB8g1_DQeuubcsnVSN4,['5457748']
9oIcyL2ukLQcv4F2JTUKF1_TR1A,['5457748']
h_fAFWFxLqrde3q91EE9fpShMGA,['5457748']
vJRLlfYoP27HgkoXWbxW05XwWKg,['5457748']
x2jfddkKZzQSUxYCYj4AvyGqWA0,['5457748']
wvtDb53cxvLZjenu-o9MrL7D4U4,['5457748']
hOeh-awRLwKTGeGgBeTXAtbKu0s,['5457748']
U9NgY5MNlFxhY_u_qmqqFcglINw,"['5457748', '39462571', '122467986']"
T7pBYwbi4FGbzaW9ak0h7Hb2BYg,['5457748']
Kf6JIHsaV18ybW0ouTBgLLhN06Q,['5457748']
2cqMkdjIc_E-EriH317wkZMhCVk,['5457748']
MQtDoy6RMFpkvxaIoKSI5BwpqDk,['5457748']
3F7N5N9_Jdrs9amPHrNd743i4cI,['5457748']
VsX_4TkUWnXD1-aq0_feetqDqUk,['5457748']
GDfPPo4_8983GiSiJeVDTXkxZks,['5457748']
O2M1HyFlOSRO0bLqrvBG3Opj2DU,['5457748']
mKVMg_pL8HEjiHCv2v-seJkkr5Q,['5457748']
W_fS8l2pnYvmcbpa3iH5J2Z-a4U,['5457748']
ooTOCGUPFbO9kJrt1qNZmXEx-jE,['5457748']
rkxm1hFGwssD-csDSupt8zuAO_A,['5457748']
BJj0nlu0KqzGOIl5Y-Vf3mXhKz8,['5457748']
jLaFnD8bmIQ22reD8Sxuu-5MtAg,['5457748']
WdyOxr2Fmk2jKEitvbBHNqswk3U,['5457748']
uM4rhzINUwHwQ6UWpfwjm_BEc-E,['5457748']
dkdVnZ-HNewu9cEVOYcEc6Vquc8,['5457748']
c-aN4gq3QAor19Ss6zCIYbdtfIM,['5457748']
xXk5wn_FageLW3TtMH2EO-r5OO8,['5457748']
ZXtN2s7_jjVoi81RwgjFtpY4ORg,['5457748']
ziVPZz8r7qHJRFtgutrTuSpCpUQ,['5457748']
1SgC7UDh2VAlwP7g5K4LqDAA4Zg,['5457748']
l0E-Slq0mB2x_lXUOAthYopDz7s,['5457748']
mT0YoGCx__VxPTIktKh5zWFvNWw,['5457748']
kwTSJ20gH9UZ2vdUoyYzWZ6uC1I,['5457748']
vrjHzaC13ONzodniYwyut7BJuDo,['5457748']
dc_N-_jfCqtEc-d0zh_RYdlWwbI,['5457748']
nxp2ykBQCLgZB1lbObL7DbXbyps,['5457748']
Xzf6iQ_36hvi2mcfqV0Op3NS5iA,['5457748']
ZWYXjqNv9Wyk5esNC7q511i6JTk,['5457748']
B2eLkdgfxZ7O3uZ4mP_UDWkZ6s4,['5457748']
xmU_QhOe0dgiiF1DrLOa4KDBGj0,['5457748']
sR3Rwu8enSSoFLjbMoeplKMM6Z4,['5457748']
q3CMtk_n_78R_LCU5G2uZ1DHUqg,['5457748']
64IlNExNW2xJYgJYw9loAujXObk,['5457748']
6YtYl7WdYM3CKyIdgHXhBMgNOWg,['5457748']
_EuJ57z5ykx0RpRvhS3vKDLmHYI,['5457748']
79wovIKGfz1bODWzJmj6_anxJtM,['5457748']
b5WS5W5VOOEvPYgUO87cnmIYS1g,['5457748']
wVhqfkEPYcpCvUwtP1a7KdV9M6c,['5457748']
TiUgQg9uKYzdTQhkKUhb5DwlYHE,['5457748']
-Stmw9cL5aalVui5K0KOye_l32Q,['5457748']
U1gqPo8DVpqHbW8Orkp8QME0KFA,['5457748']
mDemY1e1AkWa8WUA8Hs3OmMgItU,['5457748']
WrU78O6Xxv4W0mwT75IE9YAA2hM,['5457748']
JTIYbeonSErv04X_FlBjO6do2vA,['5457748']
vunHuenMngBswmBEJvEND-9LaTk,['5457748']
HfgEbSZBaSE0K8KDuBW-x70eWoM,['5457748']
tIx7IJ_kHDT-zGqJbxcYab3pSAY,['5457748']
X_jnsK58RQg7Hl4XfNEcvv569OU,['88197360']
7LdAJNPtokEtrqp3noPiG092-7Y,['88197360']
NGy24l8s2XKHxQWDal1w78J1uNA,['88197360']
yfBbxqGuYQJoPd5wTTy35t9lfio,['88197360']
x_TnHcncgYgPhZQ3NJZ0gh5hekI,['88197360']
YZGIHkOLgeR0QkkLKVSb4IB6DYw,['88197360']
cOwqNeqswkJZWjSXyk4131CHsA4,['88197360']
0qPPLAPSh8eacIWdIkwizsAXfVo,['88197360']
kPxuVaX1CtRoTqCZwJR5skNhH84,['88197360']
oL9W6rgQ8AansVWOwO5j3vM7n4Q,['88197360']
o6XgIK4z-jNfhXVAlXjHFmhFeyA,['88197360']
QkVc1TLC_bueVSOapPdaNGEOLqs,['88197360']
yOzP-8ncMiR4LEV3u4UpkmOpKqM,['88197360']
DQmfbh-VAK1s5Nm55kLaGfuy2aY,['88197360']
2IW5Lo6TltKzV7fYEUtFjKZMqYM,['88197360']
DrMqvw7MMt2Ln7IihGhHRL96q7I,['88197360']
Df4q-ZAPfJgZc28b8uZfG9EYdr0,['88197360']
DzM47ogiSZyeCotpMZKpVmunj6c,['88197360']
Iec1qIse6bXvQdK4Cwrb2Y0xpPg,['88197360']
-ALp8YOZcDXdOpGtQYdgjoB568A,['88197360']
uqQo28IUj0wU5It2dW4SXapNK7c,['88197360']
8z4qZaXNZldbnM60GExcxFEJ_8w,['88197360']
CPplnycxX04B2kMjKffC6VXG8lQ,['88197360']
myLD4bLwWYps1ULZn06GEX2ZBhs,['88197360']
vNdhUzPjMg-znItFc1Nka8pR1so,['88197360']
r2kTEtO3zwEDuiCyyNUjRNqRkQg,['88197360']
vsDAFuVd0V1ncvpvHRMMndUotAU,['88197360']
4z89lkVH3m25YRodUmTPniS47fQ,['88197360']
tnBBHo1qxggTFA4XgZsIG5bFn7c,['88197360']
MgQ-hQGslS5CK9XFQ3J22_5vJiw,['88197360']
jsp8T59PiciklyDUijNNNOJa5M8,['88197360']
YhUfZu12yNAxL423GtwLw90RDH0,['88197360']
Ir22lmRvt5N7WEcbfAG1NveYJIA,['88197360']
9YbvA4D719Ia-BMNTO0a_9oTV3Q,['88197360']
Yi5M9FKGAF67b_yMAEAO3JVkEro,['88197360']
T8Oqd8MN9PVwubXaujWEsbVoiAg,['88197360']
PkEOuu97BSR2DxXBGHceGFnwHd8,['88197360']
_RGOMSgtPvLCFcdSm5c4Yev0220,['88197360']
Fv7aunrlT2HJdiVjLHkrfCZFb_I,['88197360']
VvkEFv6mcy_aD-NOMO_CQulLW64,['88197360']
AyEq0IA12DovcGzXJ1BgPUm8dqQ,['88197360']
-HicQFF2hSdYeJtPICV7hgpNee8,['88197360']
8uBSXMJpP_tcdrhkd2XLFzLzeWQ,['88197360']
lCTKshhl3V4EF1QJVIYAOioCibU,['88197360']
9XeGuMBd4dlSuEdK4AjHm7u4KUE,['88197360']
86PVwjkYv6MuXq1MyaLmMDn3NvY,['88197360']
zXwzmJk_bU16wxl4OBTSlnqeVaw,"['39462571', '88197360']"
p-Vv6M2cxyYCa1E00ulnvBB1EEg,['88197360']
wqcWt1iaxN6HOOi1qjgEX58z1HM,['88197360']
1ycvMkxXLtI9mH6oGcoprWsQzNk,['88197360']
CnCvuLPdrzRNjLXpN-nntc7Zhro,['88197360']
ESFJyn3LnsIu4JD_AufAs_I_E18,['88197360']
l3vnGoQYKBL0aROJtjdlPHTd1VY,['88197360']
-6IAD0m5yoP3dlUdoBA6-ZZHdHM,['88197360']
ENlCfw3gsGCNMvqBggfQDZwFNz8,['88197360']
9Ss_Paxfro69WfTBEFDhUp995yo,['88197360']
LlqoGCvdE9MDJaA9dUc0ectudQE,['88197360']
YGtmDoVutcRfkQBFYtYg4EF9STk,['88197360']
McSVjI3jjQTKXdtsWpZII5OcSZ8,['88197360']
7dlOaSrdjjpmPfONvPMcLV5DrUg,['88197360']
oSJNzS8nfNRk_BtQ6xg_vmCYrOI,['88197360']
RGg5-BW9T2KETAfD38eY5fEbqwE,['88197360']
B3MqWFjPEFj5lwDAEyxsfCrIs5M,['88197360']
E87ehkiIEJoRQOmgN2VAkAcwMN8,['88197360']
GZ0nv2FEzVJQ91Cs4Kuj9oa_R7c,['88197360']
2Xy94dbh9ZP-lqfEyPsIPcujd8M,['116482625']
aEf3hd5lrESxHP58Oo_6ZCqL5r0,['116482625']
I4OxdmWmDrHrWxZLuRaNiN7KcVM,['116482625']
ZKT1crWeBM6Vt6THY8Ht3in4YQo,['116482625']
4-Pvuxj4QoMSStAPZSSPQ_aEODw,['116482625']
eP5noHTf-4Z85OlbdR2tUZbjPoA,['116482625']
lW3g0WE96LguwOs1xy41rLdFB2Q,['116482625']
Z1Me7JkViFKBGQFFpIP0x0ExqYk,['116482625']
u_pwQ86Of5tvGOCMyGX4z9NJoMk,['116482625']
9MRTu_mHSke70L9Fv5eVx_73Vz8,['116482625']
vUjkkiam0PpgrSimmeWrH382KG8,['116482625']
yaRe9GI7Sy2zoMF901MVG8ReY94,['116482625']
S57UwbaFuCsPYdpI5EqUIQDghD0,['116482625']
uhk-4aD2h8nlIHObMeAnmtMDX0w,['116482625']
_nK_PK1WYYHQ3t6ZZsGXwcnT2uo,['116482625']
tLV-9sIbYytFT4RXOmbWSqRx2h0,['116482625']
La555etTqnWjz0SglRYs330tZns,['116482625']
SIFnkDPvICuX9K-Od0-3QAj9RX8,['116482625']
BY3GMDLlKS2sjqr-j_lcQIAmxqM,['116482625']
NfQpVlQCm7oqtGjJNMZVUzbvC-g,['116482625']
pPAgc22FGJJwOfwhJX3nH-QJQVg,['116482625']
3QlWXt-k_L5bXSLJEscyfS7W4do,['116482625']
IugaZz-ZYLvSm7FxU2ZCoAY16dY,['116482625']
pO8kQnt6YzRcpo6-EiaESCgQzY8,['116482625']
sH3UorQnuqADqjzm0RKnSpwrQLA,['116482625']
sGgwZcZkJbyA0Av4GBnpgLE09NM,['116482625']
R3M5nkCwA-GDfMTxFwHEvt-OTbI,['116482625']
oXtptwChG5LRwH3LLmSqyivpu6E,['116482625']
_BR_F-ThlGs1rIXnyja0lQ1di1M,['116482625']
hA2HxyntVZ9FYN8SAkKKOPVdOiw,['116482625']
9bJU8iOfksm1tso8HZrkx_0hroA,['116482625']
XFunC9cddtoYZUNjTRY2Y7UAS50,['116482625']
8NQFlyMbZ-fIMDE4BCs2IwU5-Gs,['116482625']
KNPMog6GcikDQdSW60NcBDNq5AA,['116482625']
DZ010iRPQBNggjUS3H0fXGu-EJc,['116482625']
bZivvRhIF2Ai0xSXkI2fkjHmdX0,['116482625']
gKdg2_PKRbxCQinfAexnk214DZ4,['116482625']
o0m-bkODq_0eQi45wLA97pGadq4,['116482625']
KrWZ--Kf2cp-m4wso3qErD8dACA,['116482625']
yUTcdKmeGwswmYGVJhv-fzm4L6g,['116482625']
Y9AaSEAKdx2UEfcwcVUvFnXj6lA,['116482625']
A0LixEkBlsZHGZvskiDMZpM5XFM,['116482625']
AzfLghUw3ciGIjFPR0NJwMMgxkM,['116482625']
o0ZQuKyyGv2drVlgVHhzaxYFpQE,['116482625']
uV03ORJevSQ9doip6PjL4LoPFVM,['116482625']
eZNracEskeZopgqk8vKJKNddjj8,['116482625']
P_UuX-HsvpuXgixlUCNg-4dwlE0,['116482625']
ZjLm1U-MNcyO8x7Sek2PQeowhCQ,['116482625']
5eiPnNqDdYsWOJX2IGam9ckzkoc,['116482625']
VSRM1ypZ2VPfP4s5oFjrutrjlr4,['116482625']
lXlEwK5yoXu7_ivAFOUsfsadmfQ,['116482625']
Uzno4qM0gtyaqKfI7ysAuvkzEsc,['116482625']
Tn2ZEHcr51MyDjZ6Y-F7LG_2rKc,['116482625']
AyfKCmawObwfBxZq-gbpHDf8N7w,['116482625']
kU8l9Y0dHK1NpYfDXUjWfpJ0AhE,['116482625']
Ckf--qjhDzGTI5Q5uxB9vyd5RxY,['116482625']
k25vLUlvakoN0E4FvB9LfpPg9AE,['116482625']
VQf8IfRVaDa87uvjyGzhs2kylao,['116482625']
LJTUyWk5coxvj2s6NBP4p0Qr2Pc,['17408518']
b9MFx88IKmMyOyBrtU5rH8OtvuI,"['125102149', '17408518']"
VQuBohtZhW11bfJsXFh2IN_w1U4,"['39462571', '17408518', '122467986', '18630121', '125102149', '118912850']"
g9Bqj81U45o6SdhMp7zicq_M_6w,['17408518']
H-kibUqvh3xlwQ1ibc2W-Ez_m5M,"['17408518', '118912850']"
YcFDMvgwe8C7o1VbiU8TLQ2Jz24,"['125102149', '17408518', '18630121', '86450925']"
7DKMQSCD-Shuqpcakv-D9uVVGV4,"['39462571', '124066773', '86450925', '17408518', '122467986', '18630121', '125102149', '118912850']"
YgvOZoNhzy9KsOYJ0CLMgNxCNck,"['17408518', '18630121']"
cL82SOFce0kAwx4xTzceFlv34h0,['17408518']
ePqBLJOtC4y4F6bGQ7IOcczPdgs,['17408518']
-znomr86hvDLyD5woQIawkBDNNo,['17408518']
-qxMDGgeDE1fmyaXkj0QmqrkcjM,['17408518']
434Vi4LSg62gWmTwAMp5ih11lBg,"['17408518', '18630121']"
sPjV8hYN5tXUa9bUlA0WVMmeKtY,"['17408518', '118912850', '18630121', '122467986']"
pLCtgjDHLaDnc9-8JkDdcXgOjI4,['17408518']
iQIgpNUBty2lBiDdjjJfbneN0tc,"['125102149', '17408518']"
MpzxBfe0NQnQPK9c0fbWCJ0A068,['17408518']
G0-uvGwLnJQy54MbiIMtiekZOzY,"['17408518', '86450925']"
Tk7xm3k4dAOLAsn4tO2j7L-ajFc,"['17408518', '118912850']"
uKQ3FTjr6rz1Cd66_U_HOhkRxmE,['17408518']
vwh_S3LL1B1ABVX7G9A9jDWFlFA,"['17408518', '18630121', '86450925']"
R9mWdw6D2TmwtOckm58jeIoviwI,"['125102149', '17408518']"
t5IaHYstHMVlLuicurdyvQ5zHQQ,['17408518']
NzI46OPoSutTy6o6P8n6dOmXQyA,"['17408518', '18630121', '122467986']"
PwjXdYnO7fusfWZw95b42VGVmb0,['17408518']
GwVqzHCGmKtOUncerpsN8HNM8uY,['17408518']
27uEAmznFosxBSbdpglfTPMJqVY,['17408518']
Q8yFw2-PvNS7CYZ20zcedMnUxdg,['17408518']
9z7pHaNlK5_7vn3sp1zBcsuoE5o,"['17408518', '18630121', '86450925']"
fGxP4Dxa5vKn_v0wzKb3EyM_wtA,"['17408518', '118912850', '18630121']"
h5m_pTfRTV1I35-mGySEcPYVGQM,['17408518']
ckdugm9bTGqwdW5c0pGE2ZUWKqY,['17408518']
EgIcRdbu5q8UiUIWZCvc-_eUZvE,['17408518']
5DwV3jrI-i7fCdrI-fYf2U-kw-o,"['17408518', '18630121']"
Y8OjfH9CqVVWRRIft0iwsOLCZQM,"['125102149', '17408518', '118912850']"
KLImtyGyYjxLcL2mZuS4FCqvm9c,['17408518']
6WVsIvLRUkkvZwgd3qcsjnFUikA,"['125102149', '17408518', '39462571', '18630121']"
xKrM66yeQeOk2Vp4mWDytXlU4SQ,"['125102149', '17408518', '39462571']"
kbszfFFcjr85xGutl4nPV-YnUps,['17408518']
BoV4Vcot2TxzaQh0GR_tvSOmkfg,['17408518']
VOU9MMYdK9l6Dp5GtdPk9s__BJ0,"['17408518', '39462571']"
dhjtpNLEBW2cWtdBARKSoLf7t38,['17408518']
Ti949wo91hK8Y3_54Q-PGfbfkww,['17408518']
8CHlengWpl5tLxAW4vsw-i1Jp-A,['17408518']
LWqCo15z2qjrqoye3aHCUjnUjw0,['122467986']
3VZxgAntkTXWeqdvkbWDa6Nge3c,['122467986']
hPN5tVF0WMTsoi_ynBI90MqR0VE,['122467986']
tWvmdlirFt_VjlRKJDIrUI021hs,"['118912850', '122467986']"
hpnsPdrqWBxnjVtVtkVKOvrQLIg,['122467986']
sRId7VoOeyXQermuc_RDdqu9pEM,['122467986']
PP6MU-Goj7raMHqZ1rLj-5Mb1hI,['122467986']
5IbJeLDp-XoliaWmnlGiPWtGdzQ,['122467986']
Z7YE6lgh3X_dlLMGxntpM1pAb3E,['122467986']
eioRTJv4I9b0FpYk54NvLUDPSR8,['122467986']
K7lDUzrSo_0jbeYfnniwZHa0A5k,['122467986']
8xDBtHZRinSu8yt1igMV2tO3yYk,['122467986']
RIJ8isaVFE7b-l-bxUT8P_MVGPs,['122467986']
nVU8MUvr_CGYVzMGs_DWc1WCEAE,['122467986']
yZ7jwuAs5jSDLGqlW_NAIzrUfC4,['122467986']
b95nR6R-lD4QxgFbdkiZLkiFqNU,['122467986']
wG8dea9ieFwNAvwOZOo6HgTj3dU,['122467986']
csk5kQtbHzFxluO0vPjo_tSRNA4,['122467986']
1OBgd0_Eipfa3XOeyzw86dH-IZk,['122467986']
wBDI3f22ot4d0sLZ0j0BQEWtsvk,['122467986']
bqcQAw7LQqkuBjfWRCGDyQ62New,['122467986']
wFLnv3mOjbIAuCVdWnjlOSUvK_o,['122467986']
K4zw-i31cH8OhztL-esh7dHYA8I,['122467986']
W7en1OxdowKAhLAHinrwltnX6Zc,['122467986']
-vfjjnZ-lmzxUN_ozWK4JjxzqVw,['122467986']
H8QNxQ72Goyt1lHWZDOd3WhNqA0,['122467986']
jPY3wiy_Zcv7zh1TkcaCM4YtXuY,['122467986']
OuX3-5cW6zWkwFdC09KqB_0p7jU,['122467986']
pr0gIZDA2b6qDd5q3OkI0X_oL4Q,['122467986']
UxvG2pk_6wEYArj6M26ZK1kbTaI,['122467986']
-ZQM2ohIKlGU9WqbbBXXEPA9msc,['122467986']
KdvDMwM7tClgwdoIi2XXvnjlyTo,['122467986']
p2--Wdt5z6ksD8GHXmtTmUqHhK4,"['118912850', '122467986']"
XVU3aLRp3UDPYSczGNuRZcYKVOE,['122467986']
uAD_VVpcM2Bk4w5JaMX5JfLeqhY,['122467986']
iIE2s4jOaaFiXLC8RrY-s-SnGSM,['122467986']
kDw_lXgolCl8e4RbC_9qHqdbCQk,['122467986']
wLZE_4gv9HTtbYYMI-8Bi29-aps,"['125102149', '118912850', '122467986']"
NZEJEoDc70c7_8BbfRDyOihzg3k,['122467986']
9362AXw784sE5LzkdlQ7gZqf1xw,['122467986']
rM9QttHqCVICgbOqO_b2PuywSvM,['122467986']
MovFQ3tT-aU3UZzAK7m-Xdow_P8,['122467986']
3NnLxCtmwEXsW2sh0kfuUloVwJc,"['125102149', '122467986']"
z1jxHv-OiNkv0s8SfHC31FmQvwg,['122467986']
M-VJbsV9hizvF9qmZRSaeGpa748,['122467986']
xomoAGHhOoVSVDIhCPQ9EOpFNfQ,['122467986']
Rm_wradQ1GE8taXoarzJFCdVS2s,['122467986']
NJkHoUgU2EyLcVJ00bveuzR8zew,"['125102149', '122467986']"
TOfBCPCEjc15L5vAiQ1QMdY_kH0,['122467986']
I_QsGkdagSkBgU9CTNgANeHz5J4,"['18630121', '122467986']"
BwExk2vQl75cSKPDBF8lFm38UQ4,['122467986']
HTG4_MzSNo0Ii5Gr0GLciwcu9lA,['86450925']
fXkgtQQ8o9dAxC_Ne7mkSmpQxzM,"['118912850', '18630121', '86450925']"
6PM5XpVyXhIovpbq2iXFPYKOWMs,['86450925']
-QcPeJkbIdeZGXicGhQGVRWR9P0,['122453215']
4_91uswUeC7chu5L966VMS-qTCQ,['122453215']
0DpCn8HwY2XTBTEX02cHL3iQqZ8,['122453215']
z39-vC-2AYLiZzx9EEM3OnDdZcI,['122453215']
HvHIvIvQ1LXE-cxTiuNoojmmx1w,['122453215']
2LmLDXpAbVi4r8ax5tfdvVRijs0,['122453215']
CWbUdpLHnmQ9Cu-UgqAHbpIKqW4,['122453215']
WKLXorUXPx_wsHDfvDIhE9gk_C0,['122453215']
9lj0VVm-K80iCL6lAL11WsJFOfs,['122453215']
CbMKQ8uVJ14GF6wrMOk9TE_LzXI,['122453215']
RwDpj-9_ciZIPWWJIq5ezB25xRc,['122453215']
DkIZZI2yzAsWFjfqZabpx6zmU9c,['122453215']
i-hUfdvoCgzMSFknfzn85LKxHfc,['122453215']
Xk0BID1uL_70adx_qepoy2160UU,['122453215']
mqgh3KVsS5981qL3nmojZfYpCGY,['122453215']
Bq_xgFYzMBJYIHPq9wNU9saSmQs,['122453215']
5BXpoPflIvFSNJ1Zlf8BivAqKl0,['122453215']
hmF7oPEFW_SkbbV6drsNwjul3Oc,['122453215']
foAcq5KJNYV_Kd9xtBvQ__32ppY,['122453215']
mkT0dWr11PTPL_Gx-bUeCNv--qI,['122453215']
lwOmALRMVdQsPWvLTHCfr0TdkhI,['122453215']
9ZP5j2JEzQAcnOuly5DY6dfl00o,['122453215']
Qfg-h-aZWvdBNRh4himZi2Tm06k,['122453215']
BNr1DO4JOZYVJ6lGruSoBihcXc8,['122453215']
lAdREUOGBZmygLbHktVVNAwZFKY,['122453215']
G4EZglTWFCD3g84WdAG3pZVKZM4,['122453215']
10gId2HvwhXijCO_F5pB8-86_t0,['122453215']
vFHmLtouTQ3CsAiI-nJQxQdunZ4,['122453215']
fV-hSD4mf5dFpCIkoxjxFkvp4Bc,['122453215']
sT8w20OcuJpK5-MRYuioCMzAaag,['122453215']
aJB6x0J2JXyy3psLK93WCO5z-VQ,['122453215']
ycD9apeQAZgSLScq4gjfnLpMcyQ,['122453215']
rbCfxeZarSE6p4h1bEZipu72zVg,['122453215']
ee4Max5dCGWK83HwyiGLx32wNQA,['122453215']
kN5OrQWJLX_4HVxMWyoTlQETUEI,['122453215']
2aXiqfhAQD1xWUlx_d2MAtierd4,['122453215']
CNx97bLrs9dDuVU9McVtriOboj8,['122453215']
p8ILRu4W-_F-8QJ1crhiqrnLHo0,['122453215']
-TRCBFiC2m8YmQ_DFeDFGOr_GSs,['122453215']
tnmQ6JTLm5fb5bnH1qtxeWeS1Kw,['122453215']
Y29Ucs7Hh3bpi85XPgeOrPnH7ws,['122453215']
WnLsqvjoDytNKkMrxoOOYlhV42Y,['122453215']
yDfNiqpM4DpzA5C1YXfqkI_eBEk,['122453215']
AwCDMltEwfQKI55KZ-2xSQQCzL8,['122453215']
EOXSNYIyW1RsqZDkTekuguHm9NE,['122453215']
4Vxji4x8_0nYGTHc8bJLh8mKRuA,['122453215']
dGbisOpkrBkMlCPK7NaKLYQ92i8,['122453215']
nUNydjbj9FeutuVm5BHX3ZXBosc,['122453215']
d0BWrpC5Qx_ST_faR5mjiiKtsKU,['122453215']
uBySfSTqef2HyNszhvs-XT-RzOo,['122453215']
fpFmMOHLvPNIJHTTWDGwkPSAnnY,['122453215']
uAJ8KzlmEZMifAG1OxfUcQ9qtK8,['122453215']
kmbQQflmpbDmMnX4lE7nnQvWywU,['122453215']
lPa6VQ_9f61f5hup1WWIvhkL5K0,['122453215']
YgMIN0_6uOcDXdiqXFFlbV-HMfg,['122453215']
ZW86WdJNxoHUi3rDBqApd2MgaeE,['122453215']
XdkOr9yrYFYsWIuvnaG9Ti4AZW0,['122453215']
-8xadIDXeQ0yeKF9KVfbY9SJw6E,['122453215']
m4eMKx6OmJxw-A81xeEDyMJp7kM,['122453215']
teJOxu2m50IVNofzkX4ttyQZ1aA,['122453215']
xxboMh1Qfkb-B4w6B2bFzpITvT4,['122453215']
x1KxTjM8hXKY6jYjcdRhFUeWdF0,['122453215']
EVIrjzSKodp2ypEY0G0CxLJsZ0s,['122453215']
BsBCP36YUKTwZXU3VrRn-r8pLWk,['122453215']
DqHivz2vy3lrwMKBRzlJjWHo8dY,['122453215']
tNskjQ-WfSS2Sqw3UiifubrunYc,['122453215']
TLVlMUq2DvuZJRdzZ-hyn2q5rZA,['122453215']
Shvl_D31jVbqn9M-cKgpMBw-18I,['122453215']
SbylMM92iUChS9CP221HdtIc1nc,['122453215']
r82GIHgbqiYbKoxQu-k_n1bSk9A,['122453215']
0DsRbzRZrdTPfpHMNXjZ6q0jZl0,['122453215']
1MOiWZ_J2yHh0T0KooIdhoguRZc,['122453215']
YZxNCCvdOZzltDl1DipiksBT_Tg,['122453215']
gTK3ic9T1vSjae6K-6g_BlE5DMA,['122453215']
vlKY2iD7ttg9niFV54ak7-s5Q9Q,['122453215']
Z4ddGzTbFZKy1zHMk7MlXqFYxAs,['122453215']
fycyLtEh5J01AVwsXQXb-paCluU,['122453215']
TRlfjgA98lcf-PD61O0Reo53Soo,['122453215']
7q5tIHFtMPIML6eyOsL_IoPXVnE,['122453215']
KMc7I6NL_AzeUojriIMfwNZuIys,['122453215']
wo1opkX7K_mH7swemyJD4hs6Cco,['122453215']
sXRt7SwcN3PY5MtSGZII_LrBQJ0,['122453215']
7PDI7PXCseOCxbsTSkVWmA95M6g,['122453215']
pDbW7vCYcPA1xDipOWAxnKKgX8A,['122453215']
zBrLaavyK971V_vLPVE84QFT45w,['122453215']
DfEZPq3vY3OtpAlKyHw0Pm2NeVg,['122453215']
dNu26dhSwzc6-cRgi1KbMy_85l8,['122453215']
2I1oAM5iLHi196vCrW_fx5kto4o,['122453215']
4wQSLqGM7sjhiAR0Dgv8NLB75SU,['122453215']
lPNeNIN_YFLyKqrbW5Qo3wZ2px8,['122453215']
A2Ezm3tLFU_JSLLD_TI9BC-N8uU,['122453215']
vrp3Fa0mukoUzU1wKlRoBm_MQ8Y,['122453215']
GRwp38viUOgk7UUHa6FznX7SHYM,['122453215']
pzRW41Sck2SuWKucJQ8HlubvjrA,['122453215']
A4H3-nc1mv6XujaAfeEDH8xQiE8,['122453215']
hf3EBdcml47xcaoVs58PTUZ_DSk,['122453215']
fTe4YtSEma6D0VoSCUw0erYOPHk,['122453215']
XErG1YZ_-raX2QGeIJz8z_pTHMc,['122453215']
c_RUuCqKUdTwaoYay35F5kFDg9A,['122453215']
JArVTga_juBHatdPRb91fjo16Q0,['122453215']
xh5k2C2jwOr7S1zSaR2sv0odCHg,['122453215']
wwqCbuD9ICE04MJqq0eFxGExGxw,['122453215']
pNzoORcgjImEdsxJFNPpG9z5DF0,['122453215']
J-hzaLcNAtz4IcvmxJ72R-7uqsU,['122453215']
h42kG7ezMjQGq_vAlZqNE2EKGRg,['122453215']
zBX6Gy-zu6qu-Bj_uw1kdlnlcI4,['122453215']
us6IST9ZMm4egqQnnW7ZV_uYe6o,['122453215']
5WiukYxYsrKGTSx-rMYySGKKXL0,['122453215']
Uv9DBEF8Iwf5DjQvM61vLlQDkiE,['122453215']
_QQGAteaIjmY0ew6XSyuUvRHu0I,['122453215']
Np8oyUxdEV3m37P3VjC-olKy754,['122453215']
28LEE3tGLgtyFcv_ruRhb8vNQHw,['122453215']
Zpmdv4FdYONZcLw3OKmu233M7nk,['122453215']
YekF3qYGduD9VsL14XH0NDYdVmY,['122453215']
vQXDkkHaZ4QL4E_hRMaH5woXNdI,['122453215']
-aUTHxOKbrPX5qopZI4t9ZQu6f4,['122453215']
fxV9Dd_hEnM0OVEZ6fRrOsXnb7Q,['122453215']
fet4lzXbDUKd2g7XudYhJWNEUUU,['122453215']
fDb77Gl96KUHEYE7zzC6TSGfHDc,['122453215']
5KX4kYu8AQW6ST16MWsrRCHs4CY,['122453215']
mYt1xfadUXrgDLJwzY_tsFcXyaA,['122453215']
C9vQ-hzvvfdelCHbiiNwLOCL5to,['122453215']
WDeVRu_R1_KBumRBpHGg3p7YJfE,"['118912850', '122453215']"
lMIWeA29bAQBrssM696g2TOhdEQ,['122453215']
xwKABv-6EGlJQdxthn4A-hx9YM4,['122453215']
yEV9ab3CyYF6JClNpHjxkQeKRGU,['122453215']
TGJo-y88sfg-i799CNdmAg5m2BA,['122453215']
uFoyihrW6e2AnTvYiZ0jA7M96T8,['122453215']
gfne-7sKYLKiMEhE34I5SPqu7bY,['122453215']
qzAZ9Pfk75MIzODEYWU4_CDFYGo,['122453215']
GzC6wTd2Mof9d2Wq-Lln_wjfo3g,['122453215']
GWBMnNrnK1e1Y2b-Gsf3BZfKf6U,['122453215']
WjuPTP95SiubUcvU_vyImL-mjFo,['122453215']
FK4BqBXB6hWHKUh7df_-uh_eFyw,['122453215']
Cqpjf36xISnSKMhg-gULiZp3i_8,['122453215']
6x4exAZlRX4xRaBnZMlPsYL3EkM,['122453215']
cX8xIcQZzCCSy9sM9zBHcHqZC5c,['122453215']
bCEDbz4cxezYVmHIBEm38tmKV4s,['122453215']
bC0lh2qMV1Ayk-JNtkXlbxpRSmc,['122453215']
v2ZYY6WQZdFFlYWL0c1JR7n6rLE,['122453215']
SHoKQAHj1viLerYA0HnYXAfs8Bs,['122453215']
3NJibevXTANv2RyKy4asuIVIj28,['122453215']
ZXEsqxmNQKVdydNSNZlbo5ynJxE,['122453215']
MVsIl_XCcRZDrtNy-1e3f7MKAUM,['122453215']
8qpj8huXB4U_jeExWJF8PnST_xk,['122453215']
syHs00bj755yKdQF2N9ZqaqjLTg,['122453215']
YYzj5IJJTGptkPxCLXToKci4kck,['122453215']
6v383Nvr8bTrEEDjrgUKpMIJz0k,['122453215']
oVieDe-jSjDyCDiUv3LFsY49dTI,['122453215']
zWSMzLetpH-tV48M7ZEIhI6KYn4,['122453215']
sXI_LOKXsokVf6LWVrhThpL9nEc,['122453215']
Cvam6UrTXiKdEZsLERZPeuxBQ0c,['122453215']
IJOwOyW-5dsCutUdq8WabJvJJXA,['122453215']
SfDq0zV8kbOOMvfRcgqV2mUlzp0,['122453215']
DJ0BCXDyA-E7y2-azoI-6jTk550,['122453215']
CzrRuaiuOIKTBCsIL_-ArHPUZVA,['122453215']
hgG2Gd3FvHg2ARIE3REFNdSltLY,['122453215']
_buDYSchO8PEJg40c54KRMYV6N4,['122453215']
jB95JQfS6rgmgCHROSHnDcLL-V4,['122453215']
2DXhKlGG6uJUW5OAYwlHqJNd-7A,['122453215']
syQWAaOo7b7TExrawlGwQFp_TuE,['122453215']
IgIloG1ecD0MTVctY2qVRxSNv-U,['122453215']
mphXN3-YzqXed0ujqCa7C6egW8E,['122453215']
NqFw9fYID74qQpq4nLLgZJBNFoo,['122453215']
8oatCjeBH9eNFPYu4-95iu2wjas,['122453215']
nDSYaVBagXlKLFIXw61LYgqAJUc,"['118912850', '39462571', '122453215', '18630121']"
HACDSKjy-v0gVyd037Z_ffqwb_E,['122453215']
kOxYtN4ij_Y7aTkV-otlXwDvh7o,['122453215']
i6dVk3WdrGDskz9DfUdB944SqTI,['122453215']
EGm9_SB4kwZ9asan_XxQ3TamElg,['122453215']
zJi-WqWzt692P-uTsvkJyxZ0QjY,['122453215']
cFc9BGAYotvCUIAPedowDzGb_Hc,['122453215']
yHGO8EDii1k1nmprNCc_E-Xi4zM,['122453215']
dkeycXpMdQDuqGscA5Dy9nOQTc8,['122453215']
DDfQxv21a1SowmED1x93GsnRBcM,['122453215']
JfTr3yalHy97c8bB121SN3ryShA,['122453215']
6ZDTVmp2TXVmqHmHTKbhuo0JWqs,['122453215']
tJbFEZrybxgfs9cRCLVOoXuqvlw,['122453215']
s2vNl-LQFowuBd5xQwxpOgZr0Og,['122453215']
iRdf1J3NynAA90LccXnJfAC7Umc,['122453215']
orUujwDZyvQP8SJYk7z5QWABNBg,['122453215']
D4VVYv8C2BObjejzcruncMxxVWk,['122453215']
xCuqvDF0iiuOoLBClxP1uYP0hys,['122453215']
kI8r_djOrsqX7ZbIhu-jnzofDkU,['122453215']
3Z9X8kuXUaaBscZXX3SXU3nJDzQ,['122453215']
4X8idSNDSDCP60s2XjimyMYX5rc,['122453215']
q0GVJi2Cdy8UYV-QjoGFQqSHUQk,['ch132']
AKoIIdJIwMFFzJjjFYRlYAnVOxA,['ch132']
SGGvdSOsn7GushptUpEezD4B74A,['ch132']
fSa95H6K_iyCl6xBNcZBhFOL5bU,['ch132']
7p6D2J1SytFn06NZRjdJF3gNxpU,['ch132']
toroaaMzNoXMnXdRMV-B6rQS8kE,['ch132']
21ZTFRpQGvEvr0u2CGPAZ9sX0d8,['ch132']
B99RmR3FTf0LpU2QNOn5mP4VFpg,['ch132']
kY1pJrrFNlW488pN7jdUj52QNME,['ch132']
__hRaC_IwbE0ITX6XO2Ji0wzPYE,['ch132']
vos6KAw7u_SubvEx7MXiGaDMAZU,['ch132']
R-1kbj4eqFx5rRAAFHA861KzPuk,['ch132']
0WgrKKsH0ytWz-fqHadNNqcV11s,['ch132']
Kdjv-IWcPSne2tD1UCnCNRqnhmo,['ch132']
zdxoDdJj6JH7X34SX5qEP7G9Oio,['ch132']
8BeqTKyYYXk9kls7-r7n5iXYXX8,['ch132']
8OaOq20Ro9KAoTsBGcA-koj2KRk,['ch132']
IiQ6UZz2-6uCc2RJnEdhwUb-eTs,['ch132']
bAjhhxwHea-NUcKt9Am9SKc8Neg,['ch132']
SExjz54TejSiD6WEdtIMEknGpbw,['ch132']
c5WJcnGTGK3Ztzsns8ilCEzAxJg,['ch132']
zNZ1ecbuRV6qdaHibf5Ud-l04As,['ch132']
dcS0jBF-By4V5jrKVUWjMERdp-o,['ch132']
kxqnHvSiWYp7Qpc6aTRrq2SRZ_8,['ch132']
q6JqDfFWl9Z3S0EiiIwHqGXzDJM,['ch132']
CzmwEfWmsoojvZuBW9EbWxagY04,['ch132']
FDH3vYdyZOGqS4_xbUIHOGEcjWc,['ch132']
Mb_IGCkswYjwdyRToJ1mrPrpaNM,['ch132']
rixL_B8IBZAWtFCJyRP4TYRXhc0,['ch132']
vXu5I3gexBBW1JnTpLsXu6FkkPM,['ch132']
MayP6fJRMF5wAzqvdu72ISG7hL8,['ch132']
sPgc7UHI5XiHhfdPSQ7yeQahQdM,['ch132']
aXpGBaMtP2GQ0agSXyDv1H_kd7Y,['ch132']
DrLYrtm3esVLgCtgI29udDiO3eI,['ch132']
CkQHlQuR6kohQ2e6V0EwDuFF4cE,['ch132']
b_mEZsESSIf5DgD9B1LaGMhLpf0,['ch132']
7Bz5a4l5f5G3csc9T_EOFNZmgtw,['ch132']
bUlXivtEfRczYIeRiKyBlP-oXb8,['ch132']
tG4NQClU6VKK__1zLWL6Fcv9ET0,['ch132']
u--o5m-TkKxiAL0M-UWZf5d76Q0,['ch132']
aNW_R5xb1L17QlSCB3g2WY7ErVY,['ch132']
OrnJ_mrAs3h_keileVmgaMBEFGs,['ch132']
oYHXeVvM5FnWyWSpotLfEQloM6I,['ch132']
2ye1NyDRIUPysBiv2UpKWv0WHBc,['ch132']
H0XkAJ20UzCxBqZ-Kdqa2Of3uw8,['ch132']
9Sb0TVTZNdwx1TLP-QB_JxvtR1Q,['ch132']
oaOJtle0AwYw8jFFSPwOJXl4rCw,['ch132']
V3JIjuoizlhmbH1sTqucDdOaByM,['ch132']
88eGaJ807A3ZiIb2joabHsnjZRI,['ch132']
ilQnuCDEk9gCcxH10kHMXfn8Bl0,['ch132']
5kgcQ-2nKQQv81EIxqnIiWldAug,['ch132']
ySY5HBk5mYKzkarPQEDUUmLQrOg,['ch132']
hL6pqltLSv3x9OPYsRSOBVXtgQM,['ch132']
JqEn81XqGWe2VZc3iLffY41MCgw,['ch132']
3_UbroGJWt48pO2hkcGtdB03P_k,['ch132']
ffkaAypKON3eOPsGNB3PXM5mEN4,['ch132']
kiv3af3oDl0_RVaUnL-F7q7L4Ps,['ch132']
JwXWQHHHKDvDGzhOirj9Lf9iPoM,['ch132']
8GgESu04EzSv_hUDmGsPALSal_c,['ch132']
LrZ68ofxRT-Ms_HL212suM2Ubjs,['ch132']
CaxL1IRZ3jl8JeD17zy0QKpuyD0,['ch132']
jjGbZ8D1Q8947C-4nzNH70GBgdw,['ch132']
jHf39sH9Z4_kHsKW_ZvvMxM8KI8,['ch132']
p4_o2ONWT_1VYipXnPteOQCgzt4,['ch132']
MsZWFiOep9sv0otMLggoYAaZxFI,['ch132']
_wjBhdW4PqbkLf3MSv3zAVqhwZE,['ch132']
EHGO2RM5CHmpzi95B5KEtNbe_88,['ch132']
uc8qje47dLW9zHEZ5iMonM-99x4,['ch132']
H4iXZZNCVsMnnPn54qVNeqKxRjA,['ch132']
XbhRXHydz4R80So3s2v3t6sD2fQ,['ch132']
pZLxgawO2WCG7hIS-PGOX8qPpaU,['ch132']
iVw889HN2j0KYzZ9w8t6Q93A8bE,['ch132']
-GI38pP27Hr8JRcinYua3zc2S2Q,['ch132']
CXQXVtytKCSuyC7Wt9cbVSGjkTo,['ch132']
PaRBmIReHmPPyWjYn9NTgB4V6u4,['ch132']
SH2Po4ly0Q11OdulfapT7g7Vbb0,['ch132']
duCCAkBkBppZaehjwVHdr50t0Rg,['ch132']
RAmHUUqSMmTDZy7s1XnJTvU5ms8,['ch132']
ngNUIw5dK2fbRig0kzoyhdzvjiQ,['ch132']
pLBTs1PUg6TbOYDkTsdCAGtNR_g,['ch132']
TkVz43EHIcvAR3Ad_FRSV66B6_M,['ch132']
wGKtoA3ekhTEGNhzEVEFKoyUuTo,['ch132']
UVRVpcXSbOb7UhRYjLxWDQzWREE,['ch132']
JxMzFxKLDTAfUDT4CbXehEDIxs0,['ch132']
gvdsGJhirou76v4rhV86MDaLomU,['ch132']
qTb9l0ZyfN15ae08SK8i619jRmM,['ch132']
-J5XSfETdQpiL7JSg4DYjzPKIx8,['ch132']
kkMGha9ZpHubP6FvdQjU2y0cXQM,['ch132']
3036139,['ch132']
54hWpQ-ixtuU996sQM6EzsnnzfI,['124066773']
45-y_S0A7GPqy75QMQRycCsnOq4,['14798696']
rLw-v_BgLz6uDLyExCvsfC4jMRg,['14798696']
-EMVLpDByCHbNxeGQNMNFffNgvY,['14798696']
sw-AZgShkjNk_AuPeAfHSPu9na4,['14798696']
bQmvdCLx4e_1kUZd7UiHrdyxjEs,['14798696']
wS-0Gpia5wldyyCL0i3PMFMuBOw,['14798696']
ZbZz_rlKDHasLeQh65IKF9hDL1U,['14798696']
GnsseLr9yc7iZ2LrDb5uM_aCYSY,['14798696']
9tZ2tN6JK2PcioyjL2MygTgyg0U,['14798696']
mMrnItv-5o3uQK8LZYaV3ucuUrg,['14798696']
Te_w9Oj9QcVnA11zXkVFpuzxnJs,['14798696']
-9zFBZFqguwN6iRtpCw6OM3OSks,['14798696']
CMDCelpmQSjzeB5NjEF-KkqlSuU,['14798696']
oF5rW4XGecmeGiiSibGME43SkOY,['14798696']
XcEsJOeVWIknSKX0w8GeUfNJMDY,['14798696']
hNIMuLVBK-zF4qhfm-IJ8CXY8q0,['14798696']
wO1InrFhst0AYSzFS_iegis_5Is,['14798696']
lvoI0xY1Gml9SROL3ech-X6E4_w,['14798696']
DEdg_ygiMMfEDrMqr5kL7FtO3Io,['14798696']
qZ5ej6XrdmhXfDUKIoLXO4Q99ew,['14798696']
fYHQnvev0NZRSIK_af6tbG6sbE0,['14798696']
TdaOEASGv4vvyI8nPHMVExBmOak,['14798696']
m2yjY90Dlt-e7Lp4KFJO39fNk9g,['14798696']
dyHt60-5c_G0_trhwcL6HJxsUd0,['14798696']
h1uqjZf0H1Kc4B0SS5UHRis-QDw,['14798696']
SqA_lrx0g89ggNK5QhBwB2YjeY0,['14798696']
I_PhCHu7IisrJkDd58amoe1HRRE,['14798696']
DKz5rEkXj7HVYvOBgH0M3ug6F-I,['14798696']
KwdY3OTNPZO9RfxNW-H26kqWSsA,['14798696']
jDirpfxPajZLqISC-1V7PFw6Zx4,['14798696']
L002QSVfzsOwq1XWUQHjmgg9vfI,['14798696']
487WHxiGMnrv-q8pNPDbNF4oIrA,['14798696']
CONy1EJZFiRKwSk5EK0uGKv9ctU,['14798696']
FDzGaB5qhTxZPErWvAM4uM6Qc6o,['14798696']
o_JzLbEAa9LNRdIVgtC7S2Yfzgc,['14798696']
sIEYKDnZjNG9jEaip2w5OpB5l70,['14798696']
k3gkN6HN73-bWJYjjACDr3ufTrc,['14798696']
ng12K263uWaqRVrebGZH3a2VBOo,['14798696']
8tuEenqSPu0Ca--hSnncyaSLRP0,['14798696']
hh8CqjsFT_uZ6dQWILzm-jgyomo,['14798696']
OOJCRR5SVBq5KCVjOD2O0YPXVGs,['14798696']
alabysTZ5CVXmxUnRuxqQp0gAzY,['14798696']
j56Eg86F_Mx9PFQ6ocHRHRQ8Ct0,['14798696']
nEEI2JitGpfadoNfhcKOopCKb-U,['15378227']
Hnx8Td3EblqcelYCKhLAlwSWdhI,['15378227']
3XRVk1bjvZQWWqwYb_ZlUMsiIyQ,['15378227']
B8svQI6rULW4EdwnFfh2IY9hqOE,['15378227']
VaL_0e_0otCT8Ivu5GvGXHjIIAc,['15378227']
HvJWk8b7WTVoIgFHSAMCrTnY9to,['15378227']
JaaIzRGko5oICChFzznrtPje0v4,['15378227']
Z1MEjmQbJFgROKAk7NQ84vIatCU,['15378227']
yq97pJDRoUaTlLTMKSzcfKO2MdE,['15378227']
75jq97dUk7nYuODmSnqllz88Rac,['15378227']
4npLp9WPgirl8e--LCFPtuc2hrM,['15378227']
ylI6xYY0XD--iOVxl9NoIo0i09g,['15378227']
dF4UV3NvcO82LzRFEQbG5F3zrxM,['15378227']
Q1h3ABQn2N18ZzfBew48Ml_W2G4,['15378227']
D80dsVUWYkCPfIrAdN6QgbGJJFA,['15378227']
yOzBwjJbfiLScsljnlDsMj-vU34,['15378227']
HXCKzxGWF6XXleGLJnCdhPoklcg,['15378227']
cI1O6HlJ9Sgi-VV5vDdKXbviuxw,['15378227']
NAlnMDdNVzf9CzYYVAmae8ax7bk,['15378227']
Eh1aorrRIB0QcdJ6muerYgbq2wg,['15378227']
cPiNSnviJIbKiT84eTivB_s06Eo,['15378227']
kZG68AMQxAJWOTdygy9-zVjw194,['15378227']
orWEcYRXEOPSF74mX9jOjxAtYsc,['15378227']
4205250,['15378227']
_2Gc7scDMBOPUlQjmI_29IE46iE,['15378227']
u98JzGeLPEmx_uMuv7Qa9kfTsos,['15378227']
IsDbzSF9u-33oq1DmBTBQmMvJtc,['15378227']
UwZ7ezqOqQ-hFgpiintE8gLyNLo,['15378227']
1SD6WSnuSfKraqUnln8TSxWnEaA,['15378227']
HVRlkvl2xrbVg1QsvJovaxE6kLE,['15378227']
VGnWkwgEfp98wPG7f339HVnprho,['15378227']
5IDybcX0DJ2fl6-H0FNnhu0cP1w,['15378227']
4sEt4nfWx63u75WCdYi595FhCSM,['15378227']
6l-H86s4HEqVmYbjUMW_6sRTgb4,['15378227']
sJe8F4lvYniyKtHMjbEr8X1K4dc,['15378227']
vBXD1iloANUaDPLF__lLr54zBnU,['15378227']
cYVk8ASwd44O_DIudhWrlM4_90U,['15378227']
L63TkLfi4OA24PAHpIBgiAw-sO8,['15378227']
4lAxMnxTo8FZgSe-4C6LJQ_BzHs,['15378227']
bf1jorsucOEgL2CgEk2lIBWE_PI,['15378227']
GpmpkVxb8oG4V9LawUJWy0eeDkk,['15378227']
wVHRO9HrN0M1HBaPu9-szOHM7xY,['15378227']
R97g52Mcg83CTpMUJ4Hfe7ZkSMw,['15378227']
v8_BNaK7wovE1vbR4YWjVQNuvF4,['15378227']
PgVyqLLAZaviDtm1HBJiuadqxWw,['15378227']
-6R6Td6sWfzVBJJzYU8qsBParq8,['15378227']
ESyCeEquZZmpyrYeb-jeOuD2SFc,['15378227']
NGEbGAdRcRuiJH367xdHl4rLjWc,['15378227']
fJ7JZsZc8ZifUbQ-WzmdttAETsM,['15378227']
H5G2kbu73eemS08CI09aiIOG_Rk,['15378227']
Be3C1iH4HpqnxJjj7lpHPyxfk1I,['15378227']
VuJCB7EhfzAcZNIbntWK3K7_298,['15378227']
mVJVvGFBv7AImPonsDF5CU5HQOM,['15378227']
ikCNvX-Kc2lXQLR7OmVCQJao_Fk,['15378227']
ah85o6ioTnvFRoUtRn0w15l0yrM,['15378227']
bBmlib3EwVKaRgT6mnKscoHGVN4,['15378227']
JBKVwGzgpXsixbz2uCWqibqZoYE,['15378227']
f3p7WYFz_-eBc93XgplaUWPsIec,['15378227']
B0gZ53jom0rBJO7uTG4-8KJK0js,['15378227']
IkIQSVBXVbXnF1teU_xzyXYekMM,['15378227']
8stg7ZiT2UaKpCDt6ypOR4BdIoI,['15378227']
Y2uqaBFprQWVimSDEf77aEheg1c,['15378227']
lclfAEDbR5c3JNrUuYA2nbsYQEU,['15378227']
vOqA4c6wcTLpChj_3_omVEjon3w,['15378227']
QN8TK106EvqQn9CHCLgqkW2u7KE,['15378227']
OBjEy1_mcinL6K5MkE6sV6TXT_E,['15378227']
ag4A1OLZH5B0hW0LE_qnnZeJ1vs,['15378227']
FvxTR1G0Us8GuQuVwtxZbZirVEY,['15378227']
15378227,['15378227']
WnDb1rTEGolFFtQ2DG9CQwu1jUo,['122568853']
rcwc2z3U42fINu-nV3h8FuisOjg,['122568853']
9cYunnvwuvM_Q0dFHwGohsR-qBE,['122568853']
2wQeHG5chvw4TG_VzXDelcaGKv0,['122568853']
LGQzHZUPpjil_IhNsDHcau7MF58,['122568853']
G15dnSXXKBibQKuSL26-1yvnpBc,['122568853']
fi-RIYsVkQUU3CJb3w-aBY74j90,['122568853']
MafhfrNxOMgf7JM-3DZQMF3WKrM,['122568853']
4qIPvhBtNHaWJsTBzj8c2-eI4c0,['122568853']
G_DSQ9_bRGcetm0oHyZKD6mQDPE,['122568853']
5lSTkAR47g-_fRM8XCdeSDLxxsU,['122568853']
wLhYiO3EKHm2N3B1D2PGV9kov9A,['122568853']
qJbTN6-vghjuhPguT0zY04VkqtA,['122568853']
-upUIJ_lgVv6fMrxFgja76KQ4co,['122568853']
bUkd7qwODSiXO968qSMdUHeasmc,['122568853']
x_6gK24dgbAlvGpWy0L87oKAxQI,['122568853']
gV-EkW7PMbzmVD0PM4_UrnR1Xzc,['122568853']
ueB0G9gDqS1kgtxpBVIezdKvwWw,['122568853']
5EUruO3m-0NAGPDaGqDP5BZZrzI,['122568853']
tQ2bPvhd-itdBI-knK15PXKu82o,['122568853']
PHv0zs8aP-vHitDFEpM0T8dougk,['122568853']
UTW2mMNloNpDrE4sbsyWDnAkg6Y,['122568853']
cIArrfurPN1vcNG2gpbOtTR2sPA,['122568853']
mJ2ZIuBvQImdKCwjmEoLmPAWIuU,['122568853']
ZTVnW4sDq7RiQGdCcpMjAw5sIQk,['122568853']
MRaJFiWSyv8_tytl1FszzNlWIzE,['122568853']
FKQYosNCY6HXbG8kdsw7sz3QO9I,['122568853']
Pq1g2_JwtwvyZLONH1jQEvTS_6U,['122568853']
oJAHQ18JzpKXaH3IuSmbFtp0uLM,['122568853']
YmTrxlvUD6JCPv2VQXkQEGY9omE,['122568853']
7C5lsY5ISeOIPwD4qSyxMkEc08s,['122568853']
B-E23qvTa8O_ukvlWlwlqQYCPao,['122568853']
fFRcdk_MrK8KJcL47-qe8oHFMdM,['122568853']
UGUoptpk1J2pWJhKic7EMXHBDbw,['122568853']
iZFNuYVH1upxFWtESWIqQwcm6hU,['122568853']
EFT6IK3PZ9cLWYLF5126TQKVT_g,['122568853']
TU-Nor9OtFc098i8dHs73UCvRrw,['122568853']
O_vSIySH3qCKIInQ-_3YxOomUrI,['122568853']
jqAlauMTSSrKXaeOOTsN32ShD7U,['122568853']
G6EF4n6lwGUGx8mDz8XQGNRD1OQ,['122568853']
rDuihR5Rqe6strbsxE5C9UDNjy4,['90869956']
8q_ezBHfCSYs2d9cnvlg6TSJM0Y,['90869956']
WEUwrQPz7YBqI0zqdjpIbrbQQsQ,['90869956']
ntY8I0_gmSOYkciP-bD1FvUX-6c,['90869956']
k8xcBp4zBXtNuEc4R_nWwukt_HE,['90869956']
LNALAld7EBbswLCMLZYzHvF4cAM,['90869956']
02_nJ1_eAG0Z1qe1f1ayrcNNDtg,['90869956']
XGfmQYRyDs61aqppOwSX3bOeb2k,['90869956']
PgjCSejaKXNQButr8Oqv0BB1q5w,['90869956']
_K3SWwlV59GFFbJ3jYtnRVw5PnY,['90869956']
6TrtifxdxiUSKzGtDInrrDv4YyE,['90869956']
QUKWmKkTJPqRS8Ug5JPYlKghAic,['90869956']
4-jTwrbHxBljWequUN02ecib9bM,['90869956']
75f7olpH3pNNqfjzntr-2njQdVc,['90869956']
b6VJinlnxbbjS_YuSWzyZ8ivjqg,['90869956']
FWuHGk7Wmn-ViUA1sTYRzK0bLPw,['90869956']
TWiWCyUidx_IvYdsz3DbMW2KAu4,['90869956']
8AZ1MevB5hUrIzUduokOXdMFWyg,['90869956']
30IyumXboPFwm8dUfaUzY78Xpn4,['90869956']
2_YHypDx549lEuHNghnn56tXGsc,['90869956']
41366166,['90869956']
cAMM8dF0Odagadwr0Sg9bYf7HwQ,['90869956']
3Hskb4IyvLv2c80BG-BqL3VUtFE,['90869956']
gOKDYXYXNX6pdjnYD8Ys9wMKssc,['90869956']
YS1cyNoh4ZpKF71SxmSGkptGDd0,['90869956']
rvZc_Mvv7NqSKnWAFhGfpycG6_s,['90869956']
9NcwUKZyiMDCFRnMCwH9OXll6GM,['90869956']
WhyH2hG5zkvbnHTTx_bMCVXPz5M,['90869956']
1MXHpCHD3Irgm5Lb-2-NjIc9Bxw,['90869956']
z9E38LC0_BgGxvJpFclULB7pP34,['90869956']
9ddQyc6bbM9Vz0ZkGDJw6fNVyT4,['90869956']
P96QGSPDvlVe7onJttsfmX6TqiA,['90869956']
cfe6-wnOtq_Gphx3FvUE-nsPcHA,['90869956']
87k7TH_bn-Z-I14wp_Ox8naj8iE,['90869956']
fNs3P0teybaUm9gu1IfRu1ok4xo,['90869956']
zeIlvIf_QRWCqEcoPGI3pSDlKkQ,['90869956']
oc5frX4wQYA7HqjIfHPFhu1x7kk,['90869956']
aWt7j22Vzz6BoiV-El96I3r6de4,['90869956']
pUckMoOOH4tk2twYpI3yvI6-nOM,['90869956']
B5YpPSOtVeirAC8JWicTwajaK7Q,['90869956']
0PrCrcAGr1surciWCsaCSfzEwMw,['90869956']
NCFfN4j1p7I2XlijSHRj-IxH8Tk,['90869956']
NcJW8fNA-949k-kK-5Sf4aBb5ZM,['90869956']
7oLbPQmuSJmv0BR2Kq_eBv0Czy0,['90869956']
tbwkkJnUhwWJ-ilkAx-JnHXiDWs,['90869956']
PFGx0AY5hqovF27iKp_-nZk4HVM,['90869956']
PZKKhznrFxvRdtn63UrMIsIRXYk,['90869956']
Hp0y9biby-GjDPswTmirpYrj7ts,['90869956']
rijwJ_VMtysO3fRAvnDjZNBNSpY,['90869956']
3Lhw8maQna-t6ZrrePcvtYT2kMw,['90869956']
smM51BOfHzscQUwffXPwtemNxcA,['90869956']
nCs9TJ5DvNKYGI7jwksHqWvUiq4,['90869956']
gcbRKtBLGSmyQgpRg4JtzNBf-rc,['90869956']
MjWc-9OP7KzQDG9ACanfhTssWMA,['90869956']
oFA4_xwGvyjk1anUFKgwp1BXkWA,['90869956']
-k1u8WjAITEJNKtR8Oe_ZLN4hYo,['90869956']
JFnHgHXOaaTbWU6PiC570IwZos8,['90869956']
KjrZihbALFHzSLEjHDHpIJrsY1Y,['90869956']
sAEOAmriJJy3yJ9DdBQm-vCNAyE,['90869956']
A7VN3cf3kXjXGwcmFL9Ub6ZIxlE,['90869956']
w9sFGx9umq45IzytcNZnBgduGe0,['90869956']
UsvtO9bbh2B1wlcFsOEPF69ItEo,['90869956']
NXaQjNvS30k46N6TABF39vI6Aqw,['90869956']
ti3rkhL0yoX6tfqt_7vQyTlJ4X8,['90869956']
gEciDdYAds2yGqcpmsXg2PR8dgg,['90869956']
FafHA8L5dlcLgssKrpdgEBdHdXo,['90869956']
iKWqgJUNcTlzjAfAtZNbXLhhb0g,['90869956']
TFcUTtBYen_utxLRDT1_Bet1vmw,['90869956']
GM0DBaTQaobrKLc6w4_p8JB5ieY,['90869956']
BuPGMNFvQT4joZYAT5Hwd_YndRs,['90869956']
Y1VTvXd0IvMULnxcKfAHnjJ-nsA,['90869956']
HWvvj57vkS0cYiyvlDbYiaVxrKI,['90869956']
-LU7IiWJJ6MHxDH4PRP_TMxAmRc,['90869956']
jBFfzHJYxSXV9P3qY1LumAyzOAo,['90869956']
Xpq72OO6wudDXsWe3kUlFC6xNZw,['90869956']
C9H1ZhJHTva1YzPQPxNvvYAcxdo,['90869956']
Qli9oyy1ND9GVNcfm4RyLnASTzg,['90869956']
MmqWdwA6jFvvHwr8lPK0X4ARfWw,['90869956']
687dJxq24Gay5x71dT1vBS0wlQ8,['90869956']
5fVOe-xZAdOUAwkVteXgEEhIDSo,['90869956']
BG-UULOcf8geEoXq6-E_IJ287C8,['90869956']
4MY5NptO-HZl0c7VQT_ob64t6ug,['90869956']
TA_hsxFeF6A0r-NUEWuWD-_GTm8,['90869956']
I7z4nEjDH3aXXAySt8-6qiqdLKw,['90869956']
zsieAZPXsrYSYKHbQsEA37O6moE,['90869956']
b3QkgsPUrpMtNVsarReymlRSpIw,['90869956']
zGU3JJqwHiXRCHbmecWIKF8y7ls,['90869956']
b0JE2ioH6-mxHJrEZ7nX9nxsOdY,['90869956']
A52iq5ihPJbIZemEtLiwmlUwY88,['90869956']
5Hw5B7Ra_f0QXikWmT04Xr3fMEQ,['90869956']
gu8VnxW5Fs9NVO_UYhFUYO-o96w,['90869956']
KbWA4AjcOZ9v0TY8qul74bjuJyU,['90869956']
V1YL6O1xCRHhbuODcuRQVWRGkpQ,['90869956']
jcDtX8udpnRJVGW1sKyeCyaZ0a4,['90869956']
t44KtbXlcJuEn_Fi04JakzfM71M,['90869956']
bAtG0lp2hdFBPitg3XROJ3241zk,['90869956']
y8_N8gg94p-NrFnF5Udy6llQFIE,['90869956']
L5iyJW5-XWLI5-78pVn54TKey0A,['90869956']
noWnwsGR3fgqlvJttMa36CCVvjE,['90869956']
sn20_aZlpgv8y57WO9HQlTgQORI,['90869956']
p3AFHX260G4my4PPo4shxF5O1P4,['90869956']
PN2b7fvGgiEjPRSKDktQBmx5I-0,['90869956']
Zdit4P7h8fKQilH3uiyoD8K5o8c,['90869956']
YXNBNVlfHbyVWGBuhnfQZkQL1VA,['90869956']
V0nrkoch7pkuG3S1Ca1N43s5Gms,['90869956']
44870865,['90869956']
PthyG2u7h2QTxf8NZTXf_6unO_Q,['90869956']
txqmrcpoAT9abINEVgSSl3mTOSQ,['90869956']
9dlZoh_hxkissa2tluAMSOl4Mb4,['90869956']
VTQk4zJtxYurqr3Fq0rCFX0LcKg,['90869956']
nEzmUaWQFboS_FjIz-GSnBLEAf0,['90869956']
7vl_c5KxI-CcGe_ZtrqNqqmV_oo,['90869956']
XTncfrIr5CL-XffVYI2Qcl1cZ4o,['90869956']
i4zDu_nYfMZpuwNYN-Qp6gBy7IU,['90869956']
7TZ8yEd008KMDti-72GuyEtsU9o,['90869956']
w60W5AaH5VbU3iRX5Cb6IvNilIk,['90869956']
6Isb5mZosTFJxwcWLWhku1ZFNyg,['90869956']
ujQZTm-9BI8vTEl8j1B7Av_eWUs,['90869956']
TR-AV_rzvI7QfqvF-Wv6Scm2Qa8,['90869956']
Xq1fsEcjkrXWmSETTVzHC_hopDo,['90869956']
O4akI1AxM986tjyEIFHKx58vBDI,['90869956']
jQkXk3vYS6j3b8FqFG3mgHZAANI,['90869956']
zwX5WFbk1Duf7Jh7unOr9xeop6g,['90869956']
217JB5GxJljjSGXFaPkKHsFENLQ,['90869956']
rh4anpkT7TNk9tydPcdzg4J_USk,['90869956']
yG263yIj9MAVwrHo7FGVCsGRenM,['90869956']
rOpomAB-c9rJ4eB_pc52ivtVFaE,['90869956']
VaC9TwRT2gsYAUlmLOSSlnpg9vM,['90869956']
o64Dl2ivQwyO7qhH80hj1awkYzA,['90869956']
mwVG14BJ8ugaWV3QF8npjvwZVTo,['90869956']
RAtSPImEad8etp7xq7-GXrvJWDA,['90869956']
hq3yYKx056Cvb0eFX8OxRYnpE-8,['90869956']
cwoZ14MWW4I9MM95tUFTXF3_E_c,['90869956']
1288940,['90869956']
FZyv2j60CyVeUzg9BmllKeiMwDc,['90869956']
OkPnR-tQF5Nf7ummWtpuuiGkE5c,['90869956']
nIhZi-TtskR596af1hK7HzcmD0I,['90869956']
1j8codA2e3WioTeHnhG6YbfPrkc,['90869956']
Ej8xJa-Sv46NHeW952cZb17d93o,['90869956']
ADx6UoaArovyXcpMwxmCpLF19PQ,['90869956']
9ri1GkoY3-PxmiAAjeXCspqk7rc,['90869956']
CYHiL0aYHLg0pUYTtqcI5RvZ2I0,['90869956']
2zAix4gZH7Ju4NkwJGRVPO1DXKc,['90869956']
n0avPYgkrbzVXzAqHf-LqK5jb5o,['90869956']
le5yWlFSL0gVOAv1mo_uoOHy8Ak,['90869956']
T_qZCOKwje8bVrUFfb0ZUQrwhEg,['90869956']
BqeMBRO20PjTH1Q5lkPBbGEQCmA,['90869956']
fI9-wAGqeTuQvOOWB00I-jMPAoY,['90869956']
ZsS6uEpLsBkuI6Q5L3H83LSVsqY,['90869956']
1PSUlVEhnI8wxvLe2zD_dPxZ77Y,['90869956']
NKfMMSyKwM2zOi_UOUn31ZZ2qhM,['90869956']
rmr6o1X7cjSORBbMU_zqnDIfbY0,['90869956']
pRJwsMGxfMFqnPLjw7vzp0Taiiw,['90869956']
KJUwnINKA1vMLdFR_7MIlWs-3OU,['90869956']
S3Dt7eRyRHCh09xXF-1UWlZWosU,['90869956']
I0nS-XfONCElnDMrDAWQjOoHPS4,['90869956']
-aUsAggBzijmzMnabVbkoHBZ3qw,['90869956']
vSmiXlqCPhBpQmLoslFe4oI7zMA,['90869956']
ypZvRaYg9_UMFnouvOoE1yODSDc,['90869956']
HMhbkImPNTnjEZiWdw_DUZaobt8,['90869956']
82saX3g31PK1TZ5370ucZTvOosA,['90869956']
hX5NGsbAbyd2oqhxzEWK-8QbtD0,['90869956']
gKt9SJSXZSKJ3Nqw-ijygXKwX6U,['90869956']
Vp2IMO9CNDmgCtK9yGOAG61UQf0,['90869956']
htOmnBrJ-jnxO0-vHr78B7y5aXI,['90869956']
Kj_0mPEl4A1XOuKRaBxMBFBbuS0,['90869956']
HEqqaZjmEFsFedf9HvPX6EYgnwA,['90869956']
AQQ9ndCUEqzgASeNmoBXA5Y13CY,['90869956']
Qg7KsjckppP0mKmuRZjpG_oFNmY,['90869956']
bWQz0J8fITarJAO5yoQxAOL7zPE,['90869956']
mcQA8-qEpL2bcVf4v0zmXgl5Lhg,['90869956']
wID3Y9kxyEPh-IH1RL0gV9tH8WE,['90869956']
y62VTIRdNtRHnEXCbMGjP5Rvazc,['90869956']
AimtUmm7IriflgsyYe_NEVRNNwA,['90869956']
Xct6zeeEjD2sj8WkTFHZEclVhsg,['90869956']
ueeF_oMZiN3oNWBJpDkMyy_hzxE,['90869956']
-slXkeH8jBPh1VmM4ccyeRDQpqQ,['90869956']
UqIilb-xcPq9OF_wiKqCe2zorIU,['90869956']
fWxS7_OdwzhDQJT_N-sySl_SwrI,['90869956']
YO1Mv-Pms6i0gxcBrzcjjZNi87k,['90869956']
ALZFtnQmKc0_ouzjYcgtiJ15SBA,['90869956']
VParNHhub9AUwAsSuvXrHUMCGIg,['90869956']
uChFb4PT3zFP45cLrOS-qTFLqq4,['90869956']
6rOQc-ukXQcbPNjpJ--KBmQuvAs,['90869956']
OgiTq2Rv1kruoDZIVRSyJvvr5_Q,['90869956']
OUrC-w29_2RTzJU8Vh2bIrm-z5c,['90869956']
zbkguhdrN6mpQQTflhP5EVt9PLE,['90869956']
_e27q0iG_myH0JQvVg5s3AOpxmI,['90869956']
UerLvgwntFzLDd4yU-9YjPUcSxQ,['90869956']
9P4l03IHDcvdlzOWzS2miTFGNmM,['90869956']
_9RL6ryUcEGFwixsvrkwWVmkxx4,['90869956']
ZcnFLXqp1jVAxqyGJrWe61Uz8zI,['90869956']
zj4yaoAr97h2PT7oaKzH0Q5WpH8,['90869956']
ms473PXbBrVr18ypFz8bXJAMLeY,['90869956']
P_HdScEVOPqCzASRtuxhCmJpSRs,['90869956']
DR3d2LAQXYSCRcWho2yiwHSA3kk,['90869956']
AHkTxD5VJdpFvbxsEIn_U-3Z5Io,['90869956']
ZJUTH1i8hhHoNE0CQYqVjpd-ZqU,['90869956']
zr_M0-7pp8XariJaJd5dwVna3ng,['90869956']
aCfBNH3DMFJ3ZjSJHiQl4xqBX-s,['90869956']
eIjVTLyT1sftZ9qv_yb_-_AHZwM,['90869956']
2ZLpRzabsESoemm3-nX1vsES9q8,['90869956']
Ip0pQN0B_zQSw0uihsQQr5rngO0,['90869956']
IGQeho48xj97vZV7RqH27VSBu2Q,['90869956']
g9GtFjCPl1f4PL9xrrWfPd0epuA,['90869956']
9egUgs6fJfgyN4VM8Be1NnDJYxA,['90869956']
QyJzPveNV64anwT7SrDRqV0f0zY,['90869956']
rvLd8yUegJlmucvna794Ss5y3SI,['90869956']
5dspF__buao0yeLqNpq64dUNs_s,['90869956']
5mQLplgLjF2B70WnZUYFc-YeToE,['90869956']
v1WOnh3edkjPycge4-5RN2H7_BQ,['90869956']
7NuGh4bfOwR4XZJwf0TwxW2jf9Y,['90869956']
ogHsqPBhTu_fLcstmxElN0alH7I,['90869956']
v5YCsmiciMIds4qVMYfuMVHPNCI,['90869956']
5B-_jDDd2_oaaWS7FiG0NUwQadM,['90869956']
0Rek_Qa67LWkl5S5vVrYAd30En0,['90869956']
vWVlxhM5SxzDkhbgf_IcX6IUiX0,['90869956']
F9t-o_U1ZR5UzISX13RDcQeyVwI,['90869956']
TzTTp1_JUzGpSmFHwhdRrc-jFac,['90869956']
32KIRW5Ta28zLNhF-cjXXWwp7jU,['90869956']
pv_Jaeb9xgy0bGxet-RJ5il2xjo,['90869956']
-2_3WxL7j6J_sP7oCYlDzlr099Y,['90869956']
KDK61zxscCsBcn4USV0Cn5IlF0s,['90869956']
Bsf_NNf-KEn-JqDf8rKBGZq6E9A,['90869956']
7avK9jyCmz9LcevXseNcHqHvjt4,['90869956']
C9IODdTW2iHkPlhzaaQ_xOfNvV8,['90869956']
SPU5pBxWFS-ZjOAq-nIi8G2y0po,['90869956']
Bgz4DolklmLOfgHhDw4_vJxSZS8,['90869956']
MJxykhZ0r1uwCL1apbdH8-jpoS8,['90869956']
Jas1V-twIkpM8oJXSD7HbVz4exU,['90869956']
_lS33H0n2FM2eSPfIE-w3RNkXAY,['90869956']
NFGM3c_LgJG1H8waB5Ic0dyIGbE,['90869956']
tI28qxxRtFQifjlfeLNw557yCo8,['90869956']
P7ZWJXcKLKHB3WThRkriuZM8ums,['90869956']
wDyNzvQPIsxG1xkTXw7OkSH8Bco,['90869956']
VityqEpX2PCV7U8gYVqzU-Bzolg,['90869956']
BZ6cK9hJOFn-qJo9mtE_cB7F-cs,['90869956']
90869956,['90869956']
5OOx-sptPVZHteY6EmEGo854Qwk,['90869956']
BNq2Z4DUWAW8nt4yR0xxak-QE0k,['90869956']
KyVA65dCCnedHOFhudwVikll3r0,['90869956']
J5pnkVEFRpljPTz5JvTkgzL-xrg,['90869956']
1ApBKJai7oQkuHMXCZWjisBFLxM,['90869956']
Yq1uWDkTxjzWCFEPj4uxJEByzvQ,['90869956']
2B_-BrTs4mq50kbr-YqdEuQwzQ4,['90869956']
qHM43UkZuypuLsQZdrazBHyHrLo,['90869956']
4QWkRfFJzkbMMYYJ2Tln5s5WnUA,['90869956']
mCHqCzrVB1LCcfhMYFkOZZtv1Ek,['90869956']
sibBcpTleFah_Q6Do_jbMX71imY,['90869956']
VwhWCiMzhv1YtnD0B_0uU3jdH8c,['90869956']
2QcKSIWAyStw1FklnUzopj14V2U,['90869956']
4P0qR7092tKdZmj6XXSEtt7QKZ0,['90869956']
Rm5_f5poEINnYK_DJZjD6-RS-kE,['90869956']
i0qnSiZ74vRCkARlKZesHK6B63w,['90869956']
_rJcQIATqQdoR9L5Ket_nnj6pxc,['90869956']
Eu0uv3H4TneITA9inm52TipDK8Q,['90869956']
IqssWXKGDzk6G1dcteLPOftlkSg,['90869956']
5YKorcJNkH_sdtpyTHBHU8J_uwM,['90869956']
TiAv4gZmvv2swXJlb7xk0naKRnU,['90869956']
sF4mOdU7dGEBP53B754Uh3_Dygw,['90869956']
kkgVtEBdAVWfbAWOKsW_MDRzrxk,['90869956']
tCSPUl0rI45-kI9-bmF29lL3UMo,['90869956']
cvupItP3PAeEiCrQ3yrFrSpjOuA,['90869956']
o6c45-USH46QM-5bRRWJ0ww_t4I,['90869956']
5RzlrhGzy9AvOaDI1YRG0As6-p8,['90869956']
dSd1FM-1lHDrz6iw4M73GyO6ORk,['90869956']
gaI290meS1ePZ7jiNfCpHjp8IqQ,['90869956']
7p9epThYJgCiWGgCBd4DYcBLAXo,['90869956']
GV9jXLMVQrChVihxe9Duk3nxKAY,['90869956']
nkDirybfrzYIofvHpj7113Rkrn4,['90869956']
epcgylxfH1wy8aKvC5QSaHI4zhE,['90869956']
0agIqiDpZcNiwCd0rg19RZvT6ic,['90869956']
mYFbCQgOjg_5_kWgi6iBw_oNFxw,['90869956']
4MW9xCXv7e1AiEVKBpAFUkW544g,['90869956']
y8S8-TqxTNN2sa1thCWqIWO7sXY,['90869956']
pwZtefnAZhRW8pXn-TVTqj_2DEQ,['90869956']
tBeK2H7ZH5f65l9V9BL8qUUEuns,['90869956']
E-WkYlKlRj7BwbPqMg-62FBXzmM,['90869956']
gJ_Pkq0MhdMAdFygDQZdgcUXcUE,['90869956']
Moz4fePka14r7PQA7HDbB78F7cs,['90869956']
KQZjzeoa2VIKKr6UoW0GruCDbtU,['90869956']
tBNbKXhV8uUdqTfgqQS-ML6Yb9Q,['90869956']
AMVKuhcGfoLrvMXIyPIqZEtHMh0,['90869956']
YAuSF_esmUoQll-eeycsARToAU4,['90869956']
6WyT-cgmHeNsK1BFKL5JtyQipME,['90869956']
TBRAI2WIMXkORLgiKgPnV0y2Cks,['90869956']
4WVhrJZTYBKQG5ppurs368OqsX8,['90869956']
RyDNbYEcaPf_mwKwND_qW9cHMHI,['90869956']
5-dSxtP-qlUR7sPBaEEZNSebDg4,['90869956']
ALfXmBxicZtfLr2Gbl6IntVV_ks,['90869956']
a_MAZIXx7CKI5R5Z6sPLc51nHZY,['90869956']
AdnIgMarePv4P1vszTnkGrPo_OU,['90869956']
3860lgwr65kfu6mXDnbYKAAMR-s,['90869956']
Xfv8RWCt7ZAQ_OcJROmPsHuRDj4,['90869956']
-Zn2IVybuzhf7Z6Gs3X5Z7iCbAY,['90869956']
omnwuzRv7hpqQY7zYD4tTw-rDao,['90869956']
zMpEzcC-dNZuUHW1oa-_NK4O0aM,['90869956']
b-bBGKqv2xzpWwMX90wy6i3Xi4g,['90869956']
zhFJpuwYF4OkZSq5O5GkVb8hJbs,['90869956']
7FiaK6ikK1nGBN7ydLxvSaciTOA,['90869956']
pwmG2vngSvGnR4F9cF34QzLW2Ms,['90869956']
-oIc4H4uRaEuSXOZ0rDDJe-WSeU,['90869956']
8y1NvUL_3lHYiuHSGweyh6Kacq8,['90869956']
yTmk3kDug6m8Q-XMW_B2ly3KD3U,['90869956']
B2-oMMX7vkrBSWzywaUNlssajCs,['90869956']
HJHJ-lQGtMJatFjzNc9hm9EOxSc,['90869956']
RAyYgLn-hSD6srzTqR-TKpXDlk0,['90869956']
Ahe3XP6SYTjqzrml2rO5u57W3-E,['90869956']
jrIo8FI6kOLOS63hHhTGxAUtcnw,['90869956']
CC7dqh76EN9nUYuTXdZtwG8xDBU,['90869956']
IUWQ0rTAazj6uF8ejAFWkNcy3zs,['90869956']
P9lcmaF-UVRY9g2wvSj5nusq0N8,['90869956']
nl8F_hYGbuk_OO30EDtGZuMTGPc,['90869956']
xFdhHp2284oN0FB55RAZbcxjfT8,['90869956']
Tg363iyd9GVPhfwqRf8qQxkUiRU,['90869956']
tVEDtkRvk6tE-ZKmuP0YcvPuHXQ,['90869956']
7S2oDa4g8ZiCeBvYFIBlu9MAeto,['90869956']
-NJ9DJbO0A2SAiv7Zmt60-6ivH8,['90869956']
tVoefCjKwsitR8xt7hGjbgDbClw,['90869956']
ZZBfEkCpR414UbxzB9wg8o2qxhk,['90869956']
CI4NgBtdlPqw8LN38q--AEnW5Ao,['90869956']
mJ0tbNhTVAPfPnYwY9nXLK7xFhY,['90869956']
66cB8TS4ptz11o5Yoq6j4fRe5O4,['90869956']
xJ7Ezt3LgYahWKbPgx5yPAnc4-w,['90869956']
zC3w-8aRLnFkqphxsYYfdNQ8HXY,['90869956']
U9Ypa7QnMlOlHmSJWmKmNYMJleg,['90869956']
uEhdsGUE5AiVHbwKg0YLNita_AQ,['90869956']
CSUJPvdaXBqoYZUss_vJgYEa2Ec,['90869956']
Ecb5VkharVJk-U7-hBtYrzaW0QY,['90869956']
GlDvJM3RUdgkAxXgW6F9x1wM6WY,['90869956']
CiDr5yINpbwM8p_Gx7hu2tKDoUg,['90869956']
EnAckgPrKh5kE_T8naTsCEOP_OY,['90869956']
bWDfFc3f6ni_Lfw34xUZvp6hulM,['90869956']
FbqIm9gsSvJmIDHH7oPR505VS88,['90869956']
DLU4PPWpLvfgeVPGZ1VQx9m1Uoo,['90869956']
GmcyJPGVOzAz7khFp6inmOhbvqw,['90869956']
qFNYb5sXxpd1u9ZK7G4mhwflF1Y,['90869956']
nllbwkmca9JlJc-6qAMmwEDnxH8,['90869956']
uO0MS9fMt10lzEYIDFfG4_UB7-Q,['90869956']
LLRaocc3wInX3UoO58WwZsHw950,['90869956']
mWBfXsrfp9FUTw1e-LRzUnyRCUM,['90869956']
uS-M0mnyMKiVMvoPU1WHxvz_EJA,['90869956']
KiJVTDhXKSxjwdb43cInjIgoZTI,['90869956']
ihwnPLNYgqJWuvDK2S_nueNk9Ms,['90869956']
QtGSPUd9AJO7qJl1uPB5PI30tAk,['90869956']
Qi1BG4zq8RV-5xzfE3eyrc-vqAI,['90869956']
8eyk-NyX7-_5zJbrbPie40ei8uE,['90869956']
N_kr8SHnoEAkqRhBtuumKHqFNfw,['90869956']
2KId92q1JuDLZzdWmB49cKq5aZo,['90869956']
hUoZJ7GX2DX9e8SwqbJXmTY_xbg,['90869956']
YQ_5Nhde_YeaysvOomlyrWu_XE8,['90869956']
B3DSyZmaJy2VZW1jS-Vgn-zo-ps,['90869956']
wmv_SJA9PTzIzD-akPbNoXqF_8E,['90869956']
UFXyFTmCam9VwhBeC49i675mFvE,['90869956']
BTT9nbOVY7HkI0CBt2Qjg1rn17A,['90869956']
5eNiwGQHFT1Y3jIEiuRO1sCIqIg,['90869956']
Kz1qeEINuDnDZJXSv3idYkEnoGM,['90869956']
EreoMXMkHlZN5y52uHPjKWcEA8U,['90869956']
kKWOZqpVRSsZv3x9jlNN_c-eTyM,['90869956']
DDDZ_KfVNZkJcaNpGbnFthdqCwY,['90869956']
vvIjYvQ6JQYE09e6pX62TGDmKVY,['90869956']
K5VV5408A0JxiSmDPj6xIeirdb4,['90869956']
MUzerwC6BNxRz9v8ZpvCvjqOfsI,['90869956']
79dZQ3h4UM7KvJEqwBx8NVqGdpQ,['90869956']
nOkt4EHb7Avyg6o8CJ0Qaor2FP8,['90869956']
al1GK5z4Cz1W_1SkmKA130K8Jq0,['90869956']
DlGCrk9HwGcTX5XnGEzkTWeCgWI,['90869956']
KP1uvdPjb0kMGKYIrHWMiJpCjx4,['90869956']
CfOSQkiIJkDFgDZOeyWjPwdz32I,['90869956']
EvaFCb9gBhmclk6-H59Hyg3srFo,['90869956']
L4DvKargqh60Q9dorLx7LpcaTs4,['90869956']
-0nuIQP5L04ojOozzlVWYHX5pR4,['90869956']
gkuKwgE3XDfuLLQo7AmxM5RkjdU,['90869956']
whtxXqUzQj7TKbJrg3CaWDDWwBA,['90869956']
JZi_I2ZMES4EdInll0yBhDPFFwI,['90869956']
QX7WCqyy2Q3ewBryZU47acrZZ78,['90869956']
IB9YYVQ9GWl0RI_53r7AR1wYH54,['90869956']
ad-aaEos_n02TNAIclQjQhNlDsA,['90869956']
ObIwr8Yym64jgYgemhJorJXyLQw,['90869956']
M64ef-X-vO37bdD6jj4zvOJEspw,['90869956']
CtEJFV3JXgI-7_wJkpLs5wSR38o,['90869956']
sE2B5jwciao5AOhJrl_GB-WVn_o,['90869956']
PeO5jfTuE_RTqxqJT3HygS3LUq0,['90869956']
Xqx1hQrVog7F1er_i8vFJi6G53g,['90869956']
vkQ4UwQ_SPINf3i47M3W30R1aKM,['90869956']
yuFBJAHvCLxj4G7ZVjlRLqXt0ck,['90869956']
xT8V_hDPU3u0fUzlaDuBiVva1nw,['90869956']
OAhXCga6j9Td05qQ3lLeX3Lu_lk,['90869956']
cjEb_s9fNSOTsAqXapr5ASKaQbY,['90869956']
3X6kvb3TpxFIgrZNCfjBfSBHTzs,['90869956']
VgnXKiI7LZ7RTdNz5gl_YwYj_iY,['90869956']
9jANPTyDirdRkDC0jPSFCkK4Nyk,['90869956']
5esKLvL93QwqMTLQHXEmWngRkps,['90869956']
c1rMcJWk2X0wfgORmICxsidYEQg,['90869956']
jq5oElEuY4v9KD5JInceibUm-Uk,['90869956']
uuu-U-WuqqUP7HKPlKIcn_4EuyY,['90869956']
-WKArv30aJwK3-_rUZajjzJnbUY,['90869956']
DQ7_j4fH8WMzayViDY-DNtLkMVQ,['90869956']
tqu1IUL6oLX7CoydlDy20bEVlqI,['90869956']
ce3vHOQ1vzrr9CnM-fZiDQ_xRns,['90869956']
elmvfR796WtK63DrOXMK3npV7JE,['90869956']
BVVIHK904MdK4h6Y1ts5wyAR24M,['90869956']
6MaQi9BmU14F-fmpArJiEej8Jy8,['90869956']
RAVqA_sswjisacaHZdjglHEI0jQ,['90869956']
J8OG1YyVyhlUmdtwHip9oRS5494,['90869956']
WPZLX0Uh7k2FuyJ4ixMnmaZd5D4,['90869956']
tjg6z9vk09q0UBzDTla-tPfL7h4,['90869956']
N-uhvtCxlmx8Q2yz_epFhZcopeQ,['90869956']
nFGbErfk4RBQlP41glMnu121U4I,['90869956']
rh_iWt62qUWBzlNMb2c5Hen_Pbg,['90869956']
HPrCsdN1DrVjbK8GuWNnnM0wH1Y,['90869956']
dVu2rTcIfvX_vymZoteKSirt1lo,['90869956']
eE60XvCJvCAvkdyPKwx_W6AlmJM,['90869956']
9JP2R5P5qi-kK4kIK8wpNCidgQg,['90869956']
--c9Ow3O3m1ZstcbGoXUAbOtOkM,['90869956']
zEFbixMss8C20SvgXazXEHxs4iA,['90869956']
f7u8s7_n__hKyCG41jl21cGGkT0,['90869956']
FGdgdY_rhW2GlWdrHZ4HWzdbFSM,['90869956']
MABkCUzYFRGCukcgFQ_gLy6f-0M,['90869956']
SGhbDV9u035078jdmIoWeNgr9C4,['90869956']
fYq-F8Rdv7lXL8dDKBLSdmgaXvs,['90869956']
mka2ubL_c0NNoWAbHly-YPXpT2I,['118912850']
z6azAFaZVD2_WcvH03ZOyCSxpio,"['125102149', '118912850']"
bIvIRXzHbARfeZ8PWcDgwXfEFZo,"['125102149', '118912850', '18630121']"
Rw601HPVnJa1FmnZ4woEXRhsKEg,['118912850']
pfUMIgnHxbdNX7Mf8zg82z3A0OA,['118912850']
Z9GX4Ux1HOD9QPNvKue0GhYcgC0,['118912850']
TOxMZ6cgtCxMB8l1d-597XCnZ2o,['118912850']
gyfclcgTfyQhPhT6iULZ0-9He9k,"['125102149', '118912850', '18630121']"
Be0XCSyeK83eqOq9LOqqhny_rXc,['118912850']
W0gu7QzFv5vEVsLu7PV991zTSMc,['118912850']
mlKH5KTx4nsCTE1lCcOQHxwQLOw,['118912850']
NGjux8Y5pyikh1dlnDeY-lIPzKQ,['118912850']
GAWWaD8ZAM4sjYeH47n-_a5zWiA,['118912850']
-mA0YzqiPm3DtuVHzgFSIVjwQrI,['118912850']
7QjnoZoJe5Xubd0OKRKkq7UWjUI,"['118912850', '18630121']"
SKg0myhAe4ZFEJoAXBFsa2g7Ntw,['118912850']
rjCR1f8SsxHdW6kDUjQNUoFg2d0,['118912850']
wdcoYkHeOvCNzDZrZTujpxxN5KE,['118912850']
UndnVXrKl0KCOoMYLl6cg7ls52s,"['125102149', '118912850']"
iF0lbVYIeVNX4K5LAu0gw2SYMHI,['118912850']
50iV6F26Q7Y-BnqCR0MKrzAiOVI,"['118912850', '18630121']"
z--ZGkYCgvDlUlCsUPub2IDUgdA,['118912850']
zdweQrU3CZ9PMtZnmxqCcah9eDQ,"['125102149', '118912850']"
8n8vg8id0smlGGNk5iOJWswvDRc,['118912850']
PzBLGByHnnRQ_kCfzRLFLwdFU6s,['118912850']
-_p_T1RBLc6sKeE_VoT-o0FoRz8,['118912850']
5I8axdu9FRCkNVcHD5R56mmgvic,['118912850']
2MRrqCEfp9lGWiqRx80FKlgy_gA,['118912850']
NJ50uAMx7q3_y8n9KgPb9ABOmfo,['118912850']
A06ysB8vdjJBReEUie-LqFI9ppc,['118912850']
exTim_PtUMb_s2LXiYCtz9Cydxk,['118912850']
JWgYI59zNgE-tlbPmjpF5ocDn8g,['118912850']
3SL0_H9eqkmCTaYEVeXT2OG_yQY,['118912850']
KSzdGSnfoyIbWnCVYRg136EXgiA,['118912850']
AUHcBfBtsHtcTsomqNKTXL1fufg,['118912850']
t8px-FXXr181dBHjec24yuMtQ5k,['118912850']
JryF1F28brAutThxmfAIqun6Jh4,['118912850']
WUUMGTJM4LwL8j3Fg4V8o4tdDrM,['118912850']
-wh270LIuR7mDW1IS023V9sa0JM,['118912850']
LjaW1G1-mQRnXNfQVEFSgQn7efk,['118912850']
XzcT01rRiRfQ5JOTNOXnl9tOdS8,['118912850']
whxfP0IEjhmo6LVh85QfNYPsBRk,['118912850']
pV0E4BsHk9OutSF9KKXzqfaeMdI,['118912850']
DkrWIpXUnV6OwXI26_bD-rq0a18,['118912850']
u6oNb7xDpW4TRuMu-fXggjCw3rM,"['118912850', '39462571']"
b9WIZvIxNfAyL65aA1oJi7V9DYs,"['118912850', '39462571', '18630121']"
ubPop4-84OzHK4XFH1uGulXJoAM,"['125102149', '118912850']"
Q7kJWs1mJi8Sl2pA6UaC9gnu-q0,['118912850']
YYCY4Ux8I5dRa4hWNZ4HpjsfXO8,['118912850']
FCWgcaxQd9qyI5JWy1WKwFT5WlA,['118912850']
UKO7fK6DYJJUHP0wdrG_aFC9gkE,['118912850']
zX5bkj4ht3JImn4WwFGLPrhWD7I,['118912850']
W6lopeVgjHSn9ixlDL42RDLCg_Y,"['125102149', '118912850']"
ibIoy0D1KtidyS6hswpw0ulXnQk,['118912850']
xNhS_dJLtH-oQFi8mb3e2ySkpPs,['118912850']
jOcHcAXRAjc43d6W9NClDOaBYdE,['118912850']
eOE9ltzYh7LvVxYA5S9QIoSABs0,['118912850']
yh7XGhXQx6KTHV5abTxIlO8su5E,['118912850']
yBl6QfjbInwyYEZY7eim92shlj4,['118912850']
TKAc4ldJoJ_mD_HH6uyLv_Zq-l0,['118912850']
6o3lv04mwMG4ViRG9YUOlMPmNbA,['118912850']
q0NQV4SSvtK5mZIJHzRo1FyObDc,['118912850']
q7rrPE5mto5UV2K3LAfkMIvY3to,"['118912850', '39462571']"
k2Otmw2yRF0Q-fVq8gNkJ0MLbxk,['118912850']
acHDE9Vqr9qkFDrlVOtAo2u0SSo,['118912850']
oh4mkzH2iY7K47TAthVz7PkeS50,['118912850']
idr56BmNwmSEhVIsXqvasjwQZVk,['118912850']
aUQxSi0F-fBq0JHZQOvXQvbVvn4,['118912850']
aVLq2z7M_Zgt-bF_XezlI259gCQ,['118912850']
xHi6j-W9f-09zNl6bpRG3dMQD5M,['118912850']
cCIbftov-ZgKTmWMN8eXM2aaMU8,['118912850']
RLN5d5OY5cBAkLwOb56zr1p6mPc,['118912850']
-IMWg0KLb0eVAKkOj5jnCTqoitQ,['118912850']
kM0NUrKDd_XoLynE2O3l9WeNCyw,['118912850']
5cD4nR8SjGSnBLkZp7QYTiMVryY,"['125102149', '118912850']"
2iLHew2tsgl9hE-N6lmz7-_VNTg,['118912850']
TIbp0WXuFJVTwOiLmh434DqIggQ,['118912850']
09e4_ua6XDz4W-5o3XpBTPycljg,['118912850']
VhmfI9ut6dQS_9W0GjT4pUf6bhE,['118912850']
BKwR5SqUugZN_g9lrsXJG_ignBE,['118912850']
rYfFuILXb_hdvDNt5lTEisZJdYg,['118912850']
xST3p1Fy1j8HMcoQzMRmNKhbohw,['118912850']
tacOiYMjDEnW0rBQhcFWHRpOAfo,['118912850']
ZT-cAIqwtmqjVzl_N-dLC7un5TE,['118912850']
r2Isz5LWrDAjB5vXuJ8eA7S2E8s,"['118912850', '18630121']"
HV6ZAwQbnWQEEeOO2Uwiq24vyIM,['118912850']
ISYCvljH1l8diPQ6xkLdghEpqKw,['118912850']
xmjrd4CC3yLvmdxSdA05aSheUog,"['125102149', '118912850']"
8zWkbWxhhfUmuTRmfC9u9h9Lf78,['118912850']
OU8IQDwhfCZfIcTovye90mGaQlU,['118912850']
dbogttwJwZ3WoeB8X4vgFp_GIB0,['118912850']
M4Si0ihxKA6oupyM98oogcmv7NQ,['118912850']
uAqEDPidKlV9a4aR2aGMVLP0fZ4,['118912850']
BwbEWSEUWIie0zYKU1iW07c6g7s,['118912850']
spGK5nUYE69gOOI1-3f4Xb-U8Uk,['118912850']
ya4OePiIjpPe9Cyh0a54hewFW4o,['118912850']
AuQ8GmJ9g7M8KatUd-efugNZqRc,['118912850']
oJq0DggyiDX00vM5xE2vMDAxFD0,['118912850']
zkXN_TBviIuXx1mVqTP8tVEsqs4,['118912850']
vD-eJdc5UARchX53QXGkCz3jO8A,['118912850']
-x5a4gJ2MJjHsLumdOcr21lJELA,['118912850']
3kbMAk95EBsNb_qNM2kZ6qJH7b8,['118912850']
roM8RHmrfGVhT924RejH4lNkFG4,['118912850']
k7OTrb3LwViYBPEn5yr-a3vm7XM,['118912850']
XbuOInlUYl3r3j1_5llm564UqBc,['118912850']
LyhoWARC3ooqGzfPSlzUug7FFxA,['118912850']
Z1Y8Dz0gfkwhFlllsnZkIbih5ow,['118912850']
3eNEgsJFYhPKL0IXowGNzMeBrwA,['118912850']
Z_Ut7Vd1lYpX8HwCE6EQ-ezYDjY,['118912850']
or3Xsc5-EC5DhRx-AwMQBquZurw,['118912850']
6Pd2jSkg89yrqfwypd6rIPYwRXE,['118912850']
eVeVMIDM4lboMIjsVKd3BJ_fRCA,['118912850']
MCPf4GuLJouUyH0WuIDX9It4Vg0,['118912850']
8vwyz8eeNBwtH-A6-SqqjJkyDhE,['118912850']
vFf78QkBtYq-WfYoMLgyEWV1YtU,['118912850']
kvvwRN26owTmiDNCa1osnc2tb9Q,['118912850']
za8XNMx246NESr1go7O_3nOtLUc,['118912850']
uXO4hsWURLBmmpuzWoirTdUTaNI,['118912850']
mV6Jqj-afpy09LvjdEFHc6wUyh8,['118912850']
HSWj039C0ofGaCHwMXggVRlRf6c,['118912850']
ssoJgsC9THe8vFTjizMx6wGau_Q,['118912850']
ng5cnpryjAEDzVhIbkRKmw_8ovI,['118912850']
ypACVEzwu9MbxtW7otS8fjmIWeQ,['118912850']
COwBg0FmTaDbzXL8FzybSWCiI08,['118912850']
ZWIfDE8QGNDlsWVXqRflpdrw3rY,['118912850']
AtfVEnzyT_EaJM_cr-7rfR__1SQ,['118912850']
FmnnuoCbeH5O2V5fJBkrt-t-1Pg,['118912850']
OB15NP4cD-mzUH8wOCnvJ8v3kgA,['118912850']
6I034U091t4LJrjtaj_Sy0ukA8Q,['118912850']
hHmnPR51kV5J_k0pF7PsoaM1-jQ,['118912850']
DXTmvBfXUCYKnrfQTeNL59VCDvc,['118912850']
VttjMHmYkGFfSL2w--OLZwz0zz8,['118912850']
vrREl7IX5e_3mhohoRuFXzrJg-I,['118912850']
hbRDBupxi8fvW8ZpL3x-dl4uFds,['118912850']
m1N8IMfBh9AAtfIOFJD3a1XfoV0,['118912850']
TYpUtfMQ2NuJRSqjuWxN06S7-L4,['118912850']
FmvRG89xVw_yqxSmLxBWc9kVhrE,['118912850']
U2LfAfJHFwuXrTyhWgsEvhirA_Q,['118912850']
CV2XuicLy49Jh7pl7YmAtyUHXW4,['118912850']
a02T63YxVtB14IcG0frel56CiLQ,['118912850']
XhV_0G433Ot03GNFWguK381taCo,['118912850']
gWbNbIv57ijQ9k0xH1l9YcoWWkE,['118912850']
XxiHBuVZ40k9-9BI6tVoMxo3nkk,['118912850']
PiTkRY-yQMp0TTuzrB6aitJjo-Q,['118912850']
VvzO3h4s0KVjcamN95KJCQkL3sE,"['125102149', '118912850']"
mG75CPhr2IvF2ClMfJdBVeGLGeY,['125102149']
m1EP3g8fdOSbMyuFYErW_PKZdi4,['125102149']
2GTzM8_jw8eN6bsjgXSC3fQiiGY,['125102149']
qQr7JIYZ7mJfoa9aunW4ceQtgdE,['125102149']
VcnvjblkQx8WYoT7oyRQNtfxDhM,['125102149']
678LUgJGlbHseSeWWDpm0IYd_fA,['125102149']
j2JXTO_PQljXcwsDlTci7gtRuBg,['125102149']
UuUW0VaVeI2Dzp93kyBzxb-g6_8,['125102149']
ltk53Yu1Wn5BydiF-LbZSZ3S5C8,['125102149']
X7QxMpNWFLZsDufoBx9iCanAYPM,['125102149']
R52rL0UebKoVEnKgXsbXB3g70Do,['125102149']
ASZD7dCUuFktgkduU6WMi23dH5s,['125102149']
zqs_j-4cSt7CkJBn9Ix5SCTXW3Q,['125102149']
xO_IF-PKaRLU-IKGP_qtfDXuT9c,['125102149']
Rzgol-Yh5RiTt2HpOb0vM8p6fHw,"['125102149', '39462571']"
zh5ln5PYUUz_PEtNzGdt7rfYYe0,['125102149']
RqegOLwGnO6iOP4_8Yc_-h5NlWo,['125102149']
RkqDs0Qxb41qvcMlauH3AQx6HRA,['125102149']
jkaNchtzFYf8aeEeHVoidrWkec4,['125102149']
qe_yQAO1ZzUnbbID6sZWgT-U2cM,['125102149']
vxulrYTS-q3nionGN0RLgGGp3J4,['125102149']
bKT-xcQjvYAK_MnLcae-ogkEU2E,['125102149']
dIh-OUo-i_41xPzqnNI9UVzUIvI,['125102149']
1DimQuCAuPXNo7vCfWBHwQ44K-w,['125102149']
pFsL4wtUOsUc98XULsZicwCrXRY,['125102149']
PkfVj0cfWRBNUy2XwANFwi7CYd4,['125102149']
iL2soZmy3DRPFjzh6AnFG6j3khM,['125102149']
c0ZjQIiAzTz9gvtppN1EKPTE9I0,['125102149']
zVWmm9ETJeZOVFKbTSzNLOaQaeo,['125102149']
S3b1fPSoRErCdf4DSszN_VI6eos,['125102149']
CUmdUFAaGZz5Ne8nGqBLmBzwh6I,['125102149']
uGFysfmVAH6jAeUw8y3i6OEoRmQ,['125102149']
uGibNN7qDuxf0kBPuOOeZ8QsoDA,['125102149']
9tVzpDuK2b2YLf96JVm6pbbDx6k,['125102149']
Dlz28uIo9dncZESz9R02T-UM7es,['125102149']
BxrvWvuNqEpGhNb-b6g2JHvmkMU,['125102149']
UOI5Vu3hFKiyEKH6xfezUume-3w,['125102149']
QBw-9vPatf7qMwjUbKAbD4_ZHPI,['125102149']
fGtUkScv8Hnp5FDnFQ7jmy5b9FM,"['125102149', '39462571']"
KcQ6i6NDXovIWhvC6hkt_9Z0yIs,['125102149']
V6T_yvevlTveYc0Imyx2P2nRNSU,['125102149']
ZhZ7u27zgK1-uts0fXtD1gaE64A,['125102149']
b9syNDuePYWLqXmIYkS8ehPh6Ks,['125102149']
0aCFQpnT8C9WNTLaKk7U4_U_y-w,['125102149']
5EJLug0D2-caHbeaLV8eQYB69kM,['125102149']
LyPe1NFjVY8MJyR7i-lzDQUEOEM,['125102149']
60EJMkujHI6aUt-bbaNweVa8HhE,['125102149']
qMyN1tTA_Gh3QimLFtzLfdtyAnA,['125102149']
sopQy_Rd7anRqOJD8dHADDhHB84,['125102149']
LfTbbCBTsVlLCcthidiYJ6w_GbQ,['125102149']
RRQTP9WDpOodabWCaoVn1_Iu30g,['125102149']
f_WCPVS5uQGIGUseIn4jSjaVL6g,['125102149']
uR2418TAZ5Ns7q2VLQl2lM7yjJY,"['125102149', '39462571', '18630121']"
rIlQXJiDvmgOCnNauFFX0A1YRvI,['125102149']
FYtZTK99SYbaXBOuC91o9MJGoTs,['125102149']
NkhVBfbWOScde6xyKHrHQ_NJgQI,['125102149']
C_hhGzCLgk92RBSEMXoBBfymXwc,"['125102149', '18630121']"
tXmNFNXZfSXgEVIbLRHeuyah6WM,['125102149']
X0iuwPzLy8WW5C3ZXrwoeiKrySQ,['125102149']
P7sVSEqDcSuL6NPI4Lv-etVYOnU,['125102149']
SoUvPq0fszpfqcYKTMFBbAgjWaU,['125102149']
8kIZukcjdoRQWDWsucTMGKDiJ3Y,['125102149']
L-o9I3pj4qbWtk6sEYiJea1Ts7Q,['125102149']
6oehY-Oz5DP411XH_BFWQHdWZX0,['125102149']
ywOOzdVvGhpAGG8S8iN3eBgzzno,"['125102149', '18630121']"
HOzopRAegLry4oWdpXftU7tyziA,['125102149']
Pk3uvOLzT585GMtQC0NtGSKQhhQ,['125102149']
LPmj_y7VsCxhjFabsaGz_eOfqns,['125102149']
R2ugmVDsfwLop2un4taaOEuN-3g,['125102149']
1jW4Pl194ILwQ0Ybq8G0FQId8c4,['125102149']
WPmB3UWzCAHqQBQ-YWwmlc0J2XE,['125102149']
t_-_OIHO1Y0SArZ_meYmrUe4oEg,['125102149']
n-jmLyDNisc3xg9tW2VFzmQl23Y,['125102149']
cdqG8b9ZSSDefUPXR8rbo5hioXo,['125102149']
OV_rQMgX19odgd2QsE0xrIPcLn8,['125102149']
RCD2qEl6bUq2mlIJmsRDWDmzdBE,['125102149']
lyAw5ppedOeFXmVXt9rWOYidPkM,"['125102149', '18630121']"
myT4fqdejsRfIbVFCWd-H3LkQ38,['18630121']
MCoVyePLrb1IOSeH12L-0-DznsI,['18630121']
ET6VdpMWOONsY0UlMY8H66qmgcI,['18630121']
4yQiPexBxUTCXTiaHl8EUemT2bE,['18630121']
oEMp05IWevEuTv9TUdrEm2S-aF4,['18630121']
vnB-d8jsUytLLNLVw8vz7kosP2I,['18630121']
nUOeiRtIMCwCKjdyrZn0CN1aVh0,['18630121']
yD-P5wYxfgDJZs45eIPi7chcegM,"['39462571', '18630121']"
j2pxVM1mn86Lj34jSFHDPFqQek4,['18630121']
MzfpdokYmDBlCKP7qQjRnDbz-BQ,['18630121']
iVPdF_CSvLb-WYqUC7IyoMNyYto,['18630121']
aWMOogK5-A9YWQbHEfl2bPl6qww,['18630121']
yixLkFzbF_rYesku-F3iu_6WmO8,['18630121']
6hQEdFRHIW_yKLE-QgF7rzaab5k,['18630121']
M5IDgcQDI5zvkEdPc5atXuPLEK4,['18630121']
Xw4Idck074EcH57w1FpAbu-LLDA,['18630121']
tXTLv0Su_XtpggZ7VRrb54bnFbk,['18630121']
ADwKyV-GqEuoh5bvvjlWIJq7t6I,['18630121']
cD3NvS96IsMEv8HSnarkJzsaNIo,['18630121']
qk0U_ySrcmHtKV5XrTHyGuIHI9I,['18630121']
fxf9TF6QKaSrBTSsdi-n-FSuRrI,['18630121']
aqvvrdryEi0ZmVKhRb_EYxNc71Y,['18630121']
S374gXs-r0a4_B2ri3_2Xis6WtA,['18630121']
vsbw9CqtzsRQVoR2IUUGIg8PtBE,['18630121']
iPvfQUhqNK__XW2vJiHluv4nT6E,['18630121']
uWjLUJCNfzmVge6qb8hTSBH0sdE,['18630121']
TgtCxi7rUT13CSnDTSxpHrhrQBM,['18630121']
LsuT2S7dzRU6GyZMRYzIN7ah11g,['18630121']
zJMlVIGCFjA8HxWqyNkNeaRWsLw,['18630121']
EeNDdjFY63YsDU4JKd6XfO_fO9U,['18630121']
Ab-VyDR5CVLu3xYfXVMBxfGP4n8,['18630121']
9cJVg9Gj3gG1yYLeY6kcNUo6gwY,['18630121']
uDD5WJQxMJKzdBeJiFwmyYbhCRU,['18630121']
RGHyjNVWq718XyK-BQZAz8IokgY,['18630121']
2RRFfOv0cVG3cafJ1IRAExNmXfg,['18630121']
qjWo5KELRd1VVCyBkfpFZqs7liw,['18630121']
0ZJDqQl0nlexC_Es7_CWF7hkk1o,['18630121']
uBnf6ky6IjKfjf9Scxyih0EgSL0,['18630121']
Gsk4BMe0i8POLfrn_zi0PT5IvlQ,['18630121']
O-sJRr1lXoLnsaYHpKbaBx_e2Do,['18630121']
fTJRxNgO-6tQHVk4HAm4PqsfYUA,['18630121']
gOPjF1SmedUScZEYTxanZ0T_O5s,['18630121']
QH6DyNQQR4P_avDoYw8SZFt0kOg,['18630121']
RhrU52U-SYalRyRjHLX8LZ66dy0,['39462571']
3hDvpa_PETI7EjV8e35rEn0cf2A,['39462571']
Awj4VLES-8nz66OEA1FexmFNUDg,['39462571']
YEFwuiR8wMFrUDU_n3WjYLx_6CY,['39462571']
y88gs4SiORQe3fsHPE26EDt5-qo,['39462571']
A--7ARnhGF-J3uq2F3T4fXsenu8,['39462571']
mRKTxD6nT6KnNCS5P83OJcap-6Q,['39462571']
TJFUX2741gjxW3_Sz-xtuy0aEIY,['39462571']
KY1aU1vcmr0DvU4cp6vgRkBft6I,['39462571']
YBc2ihF5Zzc4qIUjzUqbZkMNmZM,['39462571']
PR8MvKeoCbiA1Ld_p_dyo9crfK4,['39462571']
Eig2wV_selmbWuDehvEsbB0E0Us,['39462571']
Pf5MD7_K1s6fTRiGs3sDHXoGc4s,['39462571']
hiqmurvgVaRXMgporqpuax3Nk2o,['39462571']
jpQFu1j86zb_BPbmzXlvY7MGpZg,['39462571']
dlZpEN_eTw1GWyneGBDmj1kcveY,['39462571']
5Lgb5l1_ziDkTaiBr2MlIC-PR3o,['39462571']
njIIxKuYnqiWkFLhikBO8nScbHc,['39462571']
19CCMQAShzVCWm7_7NmB6qXwatw,['39462571']
SizDWUuNe-VuLqiPQN_GW6_Btt4,['39462571']
CCuuoNY188gGya7WBRIXbwlC4Uk,['39462571']
ozUrx0tVLYVwEq8eRBsr7YOQaBU,['39462571']
sIJw410DxRlSUQwPuPjb16aO0lE,['39462571']
42u7ozXkAFn9NjMaSb5xudL85L0,['39462571']
hfULjPpk7VOJzFCMiMMOYVIwIGw,['39462571']
UWFfzE7-WvhBUfuwf5PG13llnls,['39462571']
FZc4fofz3V8WaDD8x7KR6Qlh1VU,['39462571']
fMaquD5t1l93s9mfcB9XFiMAvP8,['39462571']
YOtFm1gXdinzhog4WDnb535YJJs,['39462571']
E2J18FsmEG1YnV_JbTF014A-mUc,['39462571']
0BjP6uhFZIhlL7FJTpiXpXqtdbc,['39462571']
Wb52xeCwyav08Adh6L2U81gmG1U,['39462571']
ovQm6splxWG8mXdI1LCy9u27dZM,['39462571']
QztjAWGfEahzdaM3Ei2NWMfyGeA,['39462571']
jbqghfWLebjztcrIdJlvKUgJkCs,['39462571']
Gwx-giDzE5cTNZqu26vDMElxXE4,['39462571']
yqxxy8xI2JZCz2v7NArTYPQq3i4,['39462571']
Vu6x8-c7qILrzRJpv7e1rVGXIAE,['39462571']
ZRSBIZkCJQeR88cBAv-iDrUgSm0,['39462571']
g-XDUdYuWkYzPVlWMAN9lTjccHM,['39462571']
r-h5IAb0J4ZxAXTIOe-Bq3gb5uM,['39462571']
EWqpei1NnqpOoUHMEeMA4BuKifk,['39462571']
_s-rJs5RsL4eXsiZwy-NX1RCCpU,['39462571']
a7AVOUNj2C8zuTvJ79Qv4eTnzk4,['39462571']
9aqdd10Pe5KSMLEPJYzF48G8Yak,['39462571']
jSklVUUzWEY5RUxTg-QvFX1Omeg,['39462571']
o8yAzch2lj56P9T9_FeRFUuPeic,['39462571']
6VNqH8j22avyWkywhXFQRfgHi6I,['39462571']
ithSQcx5lRO0bxYsQiV6M3bgR5c,['39462571']
GO2jJn_Rn0tuyX-FIPgI8evjABs,['39462571']
rgubL9fCQ9J3UcvZcV_Toa_Mp_8,['39462571']
UA9TAESyR2_ezYTZo0qCNUy-1b0,['39462571']
F9r2fopSqGLAW-nWITHvUeLuEHc,['39462571']
WeHErdJN4JCinP6BDsuvtUV1m9U,['39462571']
4gFHwvzH3Tr3Cb9PKH4ZzOyV6I8,['39462571']
gcRVa0NURw0lOVquv2mYJ8SNtfk,['39462571']
nw9m6erueaV1djOLzU9NECdCrTU,['39462571']
LO6Vtb6FufHk6IKC4KGTxQUJwxA,['39462571']
6gKCS9QdReemnnmhOhn60Cxd3Kk,['39462571']
AlW9t8hyw3ZQ6SN6BYvxBErT1UA,['39462571']
utkLTOpmYogL3GHZtwOtU0IDGqA,['39462571']
PhrpAR-EwTP86pRhmDodsZ52jYk,['39462571']
ZfwdT-ou04bKAvlAT0jt3hdkPvM,['39462571']
YnsoStxUtkbclgmKzG9Gx-Df7vA,['39462571']
GS7u5dUYgDhE4sTEE9n0ynSvmas,['39462571']
skhKBEIlBHX2aatiWKT_z4tBMBI,['39462571']
FOLmt2Nv3SYxZ7LKnEMGBMQSPjo,['39462571']
